age,income,transactions,credit_limit,avg_spent,payment_delay,churn
56,147595,33,16378,2489,28,1
69,31549,78,11864,9220,22,0
46,91216,17,19803,3104,10,1
32,45739,57,5279,2907,15,0
60,41209,83,18057,563,16,0
25,127051,97,8312,3312,13,1
38,107968,1,16440,4527,15,1
56,35116,13,3369,601,13,1
36,40045,27,17192,3635,5,1
40,46327,70,18450,1680,9,1
28,55709,59,6432,6009,16,1
28,63617,6,1687,8030,22,0
41,80139,97,14175,3228,9,1
53,46905,94,1068,8131,20,0
57,84148,99,11295,9090,9,0
41,92603,23,7774,904,13,0
20,118095,10,17803,3373,19,0
39,139779,51,13190,3768,16,0
19,62919,19,11789,3194,8,0
41,103521,51,7891,2967,14,1
61,112905,92,11316,4815,6,0
47,103400,87,1439,2421,1,0
55,108150,68,18592,4459,3,0
19,78446,84,19947,7340,19,1
38,72428,83,8466,5348,23,0
50,67894,42,18637,8123,17,0
29,101149,91,4209,3868,10,1
39,26447,57,4549,8372,4,1
61,25499,98,17998,1179,25,1
42,59041,68,4078,8006,7,0
66,51315,38,4490,1247,21,1
44,21299,62,4543,1821,19,1
59,140506,7,19284,8427,4,1
45,125005,71,7751,4248,1,0
33,24994,50,15906,6362,4,1
32,115414,52,19096,5289,2,0
64,101163,26,15425,1033,11,0
68,146759,26,19713,2318,18,1
61,27489,19,12811,2841,6,0
69,111647,9,18578,7194,18,0
20,52355,61,7781,5506,3,0
54,93805,20,18762,5045,22,1
68,88367,50,16563,7727,13,0
24,129906,80,15797,5407,18,1
38,137409,81,18133,8478,25,0
26,97355,22,1300,4985,25,1
56,136220,13,5695,1735,28,0
35,110349,12,13174,8155,17,0
21,107173,10,17222,1645,25,1
42,21996,65,17661,7920,6,0
31,139999,96,11750,1975,14,1
67,64387,30,8307,3421,20,1
26,134965,8,19545,6179,0,0
43,23089,21,14818,8196,11,1
19,118827,22,2389,5915,25,0
37,40659,18,9882,5438,28,1
45,65178,66,11040,2104,23,1
64,140053,48,7141,5547,18,1
24,115965,44,14110,9243,26,0
61,101268,9,6969,8675,22,0
25,105042,67,14162,8119,5,0
64,126471,54,10131,6617,25,0
52,90726,26,6037,8429,27,1
31,90111,85,15693,2336,12,0
34,126031,94,3451,6404,29,0
53,133682,92,1024,6976,5,1
67,54565,26,6962,7773,12,0
57,120435,34,3556,9816,14,0
21,109242,8,17444,1882,28,1
19,133204,10,8675,3900,15,0
23,149642,48,17506,8556,7,0
59,42884,55,6616,8726,12,0
21,37199,54,11294,2704,12,0
46,80038,78,18570,3844,27,0
35,77786,40,15010,3514,28,1
43,129636,15,14394,8419,19,0
61,124970,81,10922,2128,19,0
51,69294,18,5089,7264,11,0
27,98015,96,15448,6245,18,0
53,54178,23,3472,9496,16,0
31,32665,62,11469,1790,29,0
48,149604,46,8450,7510,25,0
65,20534,87,3964,3086,2,0
32,111828,99,9104,6623,14,1
25,56132,39,18694,5430,16,0
31,135720,15,3212,3050,5,0
40,56110,53,10454,1455,23,0
57,78754,88,7792,9271,18,1
38,83580,64,10554,2497,29,0
33,42469,63,9703,7483,11,1
62,84016,92,14219,7629,3,0
35,66233,80,16399,2630,20,0
64,122804,16,19229,7709,22,0
41,149863,70,8660,6799,11,0
43,86708,66,2702,4240,26,1
42,78232,13,17774,3000,21,1
62,113450,47,18038,7951,1,0
58,106437,9,5271,5807,6,0
46,126311,63,9955,7267,15,0
32,54409,34,12459,1997,23,0
62,135159,81,7674,9313,29,1
18,39324,91,18469,3644,11,0
42,28738,29,6446,8525,15,1
24,123030,37,2963,792,13,1
26,130093,43,10977,9346,0,1
41,44054,86,11466,3304,21,0
18,49709,64,6177,8104,26,0
61,129321,24,12160,7639,8,1
25,105643,71,5572,8328,6,1
41,148805,34,8543,6703,4,1
28,20363,48,9907,2121,28,0
68,30358,12,17626,8371,29,0
34,121613,23,7510,4514,9,1
25,135233,79,18221,4005,26,0
52,23240,97,4323,9210,9,0
52,92201,13,10537,3185,24,0
50,65689,87,11615,527,17,1
22,21936,96,2432,765,6,0
59,132272,45,8655,9998,24,0
56,111074,99,9431,7605,17,1
58,63965,65,9330,7406,12,1
45,97534,47,12385,5575,10,0
24,20882,58,9611,6319,9,1
26,40224,5,14872,1310,21,1
25,125227,77,17687,5176,8,0
29,143750,5,3162,3890,14,1
51,139299,60,7486,1110,13,1
50,145865,96,5102,5046,2,0
65,132012,21,16948,5527,23,0
40,143745,24,11418,6224,13,0
41,50825,18,2168,702,20,1
54,90740,21,1415,901,15,0
52,48885,54,11905,2527,22,1
61,60056,10,14432,9581,28,0
57,23203,24,6243,678,27,0
39,80241,85,17533,6317,2,1
44,22244,89,6899,2479,7,1
52,118322,60,1838,7685,1,0
18,135329,57,7144,4484,28,1
52,88619,23,10888,6165,23,0
54,41584,22,13531,5521,1,1
64,28521,68,16935,6022,22,0
31,70017,34,8466,6012,17,0
20,53541,70,16095,3483,6,1
18,49063,28,12193,9042,16,0
22,90268,95,2320,4782,5,0
43,145234,99,14264,6028,9,1
31,146218,39,13227,8488,6,1
56,138206,42,18907,7775,3,0
44,84952,23,6234,3287,10,1
26,113054,70,13070,5126,15,0
32,59563,80,7144,7061,26,0
32,59752,2,1552,6852,16,1
43,115233,24,17865,5308,27,0
59,22567,17,16969,9129,5,0
30,36121,65,1599,6388,19,0
68,21674,70,16098,6237,18,0
49,96411,69,15800,2858,19,0
56,129876,60,10356,9074,21,1
66,86275,50,13870,5890,20,1
69,87081,93,13424,4716,17,0
49,49140,12,2982,906,14,1
21,145139,47,19018,4840,1,1
47,29327,67,8830,565,18,1
54,90663,65,3997,727,26,1
40,43331,27,18070,2684,5,0
56,43004,48,12606,7300,11,1
62,127369,88,2759,8251,29,1
32,139243,62,8023,9621,0,1
60,30492,44,14892,6323,26,1
46,74797,19,19864,1680,22,1
53,78095,59,16409,9731,23,1
30,33749,8,10529,1601,22,0
49,83217,55,1114,2599,10,1
24,109044,47,13149,1013,18,1
68,29045,2,17952,2332,21,1
39,40116,94,16701,7637,29,1
45,38667,94,10745,6307,3,0
19,95057,39,3689,3616,20,0
59,94205,45,3988,6350,18,1
62,47302,32,4151,8098,20,1
23,31283,65,12719,4843,5,1
45,50935,38,16658,5128,7,1
45,92534,77,10013,6684,27,0
61,114342,11,7345,9481,21,1
61,51624,10,4574,1800,8,0
37,33440,59,8838,2447,9,0
47,131001,90,18992,2742,9,1
28,66501,55,17943,9786,29,1
45,107333,20,14329,1858,9,0
42,21269,81,15823,4156,25,1
56,27868,17,6565,807,3,0
50,50251,68,5435,1950,17,1
18,97909,5,6650,7866,11,1
44,104523,60,19265,2623,24,1
69,58729,23,8436,5382,10,1
30,35734,46,4708,3342,15,0
58,62429,52,15451,2164,18,1
20,61337,10,2709,6873,10,1
56,60325,46,10953,4448,22,1
23,103600,28,2692,4572,3,0
25,82514,97,16523,4134,11,1
44,28433,43,15322,714,27,0
26,133957,26,10437,3572,16,0
54,29111,55,1125,4972,23,1
50,123986,48,13944,2959,12,0
68,83753,29,2199,4206,27,1
59,133783,27,7092,1706,3,1
61,100583,18,17375,9101,26,1
41,93620,60,3711,3969,5,0
32,41751,74,10182,8907,6,0
49,36453,69,6995,5347,7,0
49,105844,74,9182,848,25,1
41,58968,21,6502,4151,1,1
58,50077,24,13920,3378,8,0
69,128582,3,19882,5249,9,0
66,54775,95,3565,4494,28,1
66,78144,62,11789,502,18,0
69,68570,2,6024,1617,0,1
29,66097,66,2031,9774,15,1
56,44503,42,2241,7383,17,0
19,22779,34,2742,2017,7,1
20,106840,42,6709,5346,9,1
66,20755,20,15739,4079,21,0
54,59263,97,12830,2879,10,0
66,128491,68,14778,9704,16,0
34,75087,45,9160,4764,26,1
66,62281,75,13375,3323,24,1
19,71482,42,5403,1348,6,0
19,74857,47,5897,5536,25,1
45,142989,5,1163,705,26,0
40,37400,89,4310,1020,2,1
54,60115,49,18379,4076,28,1
49,34249,37,15991,5613,6,1
50,133183,34,19261,6758,5,1
18,66825,73,18732,7307,2,1
36,130361,70,3251,2634,7,0
19,44600,18,12092,5338,0,0
61,57706,78,7590,2975,4,1
43,39222,19,8658,6317,23,0
49,119041,78,17816,5045,18,0
23,124504,40,6247,8293,26,1
49,61139,17,8715,1285,12,1
21,134919,60,4817,8643,25,1
28,136605,99,18454,8208,10,0
34,61302,93,5600,4597,27,0
55,114684,42,10982,5697,21,0
41,107838,81,1994,2657,25,1
22,88159,72,5731,9370,10,1
69,28646,65,8670,4028,1,1
51,33543,53,18341,4059,8,1
23,114496,7,9287,8634,1,1
39,148212,5,19538,9062,20,0
28,42785,24,18015,3437,18,0
65,98353,28,12876,8672,25,0
33,51406,62,18081,8638,11,1
50,108992,17,17415,5641,8,1
26,71428,20,16852,1221,8,0
23,43777,3,14490,1423,22,0
33,77939,37,6562,5891,9,1
46,73026,90,9740,8157,4,0
20,106450,15,3248,1335,8,1
37,49553,51,7192,2993,22,0
53,43548,48,10895,3479,17,0
36,83221,8,7406,2924,9,0
43,57265,13,2156,5021,16,0
20,145549,48,15318,2876,25,1
36,60701,3,9535,953,9,1
37,71287,65,6295,3959,13,1
49,26727,73,13264,4047,3,0
24,130460,31,7154,1648,9,1
69,70717,26,19632,1022,23,0
58,52427,81,10136,5077,21,1
50,36692,56,14213,621,29,0
57,51625,34,13072,4118,17,1
56,44918,9,11242,7130,4,1
35,126931,62,4285,4222,8,0
57,61136,13,10522,3583,5,1
18,134826,69,3003,6430,15,0
28,134881,41,10979,7223,21,0
45,72409,77,11438,5313,22,0
42,35577,1,15227,3807,15,1
67,105155,89,4672,4142,28,1
40,131776,47,8458,3317,10,1
48,119246,4,19539,7921,20,1
47,122924,63,4479,7547,14,1
59,146759,52,15887,8968,18,0
52,140408,10,1051,6088,2,1
24,101731,28,3159,7887,15,1
33,47689,6,5390,9940,20,1
43,31154,27,17080,9816,19,0
65,124657,12,3112,3902,4,0
69,114948,62,13752,4832,29,0
66,41341,52,15593,9443,8,0
19,117554,48,16339,664,4,1
18,94681,67,2354,7489,3,0
65,127798,46,6620,2456,12,1
29,66330,97,4754,4360,19,1
22,138069,74,17593,3275,16,1
54,107759,95,17167,2268,25,0
49,88416,15,1237,6726,19,1
26,145067,71,9527,7121,11,0
58,106807,36,9075,1282,29,0
52,53313,14,18960,8320,19,0
36,66900,78,9691,9646,24,0
65,98840,3,10756,640,26,0
33,54695,67,4540,1219,19,0
20,50225,86,10327,2150,6,0
37,106072,19,11540,8385,0,1
41,116367,99,8257,4073,29,0
50,69156,76,17533,1515,15,1
41,97209,54,12720,4883,6,0
69,107453,69,2624,9034,29,1
28,47829,10,8661,6792,1,1
66,100908,33,19958,6853,11,1
25,45938,13,8529,9667,10,1
53,79164,99,14654,3620,7,0
55,74530,51,3108,2323,0,1
57,140921,32,4947,4926,25,0
37,88199,75,8899,510,2,0
52,80282,24,14372,5104,7,0
65,67801,35,5914,9805,25,1
42,29465,83,7667,9313,7,0
52,23326,70,3263,1400,10,1
42,23659,40,4815,4247,28,0
46,80289,54,1577,1971,20,1
35,47594,44,16029,7361,4,0
63,135819,62,17806,3603,7,1
35,24763,99,3763,9018,25,1
19,108657,68,18613,573,20,0
52,30828,33,16645,750,8,0
33,67588,77,9945,2997,16,1
58,31221,56,18071,5128,4,1
53,31211,36,18106,8987,18,1
50,33569,54,14854,797,18,1
21,116894,19,18130,8993,1,1
50,57860,43,3712,9276,18,1
31,91558,12,18091,7017,22,0
38,65337,11,16857,2134,14,0
65,72311,70,9626,5505,7,1
37,33515,12,14068,6529,27,0
25,91695,91,17867,8744,23,1
24,142006,41,15719,6115,26,0
20,131527,25,2533,3344,7,1
34,126749,3,17553,6123,0,1
50,107227,3,18404,5090,13,0
65,44904,84,8093,5448,10,0
29,79935,28,14156,5690,6,0
68,63790,23,18231,8384,17,1
39,88580,48,14785,6832,26,0
39,95148,67,16591,1162,14,1
63,25636,42,15694,8699,9,0
47,97129,88,4346,6975,3,0
55,134483,40,5013,3587,20,0
55,22892,6,1031,5261,27,1
62,41672,20,12156,1168,0,1
68,25812,11,11304,9977,13,0
25,116621,96,8877,4120,19,1
44,148177,27,7170,660,19,1
44,20654,21,13078,6960,24,0
51,74633,13,3315,517,8,0
38,37143,86,1065,3033,12,0
47,75934,35,13420,7010,28,0
50,87334,47,19312,4946,26,1
45,123463,86,8533,6054,25,0
64,145851,28,15204,3418,16,1
50,49087,21,16317,9745,23,0
22,31618,18,16457,815,19,0
65,28446,31,17968,5332,3,0
36,107182,60,6244,2711,4,0
21,122127,37,9154,7569,17,0
52,68867,21,19132,9011,16,0
66,71028,14,19588,5633,20,1
34,80101,89,12822,6922,6,1
61,47200,91,2892,5027,9,1
45,115107,60,8018,3215,8,1
47,108074,23,11621,9325,27,1
46,126091,95,1973,7165,27,1
63,81465,29,11834,7607,12,1
23,129500,47,7615,5632,17,0
52,106436,30,5329,9364,11,1
58,138422,90,2477,9162,7,0
54,144124,84,8329,7282,22,1
41,107892,38,7444,3107,17,1
46,108559,83,17385,3832,4,0
66,140044,27,12406,5197,6,0
63,59148,89,7843,7245,14,0
48,102928,87,6972,6134,2,0
52,40698,93,16295,6760,17,0
50,62470,15,6105,1685,5,1
69,112071,59,11931,7495,25,0
38,71660,3,8702,6609,28,0
49,73910,10,15136,6941,5,0
40,55450,79,3599,1415,26,1
50,76463,80,3235,7964,19,0
20,53757,17,6473,2117,0,0
35,98012,83,1018,2925,20,0
42,126750,11,1858,925,16,1
59,147043,48,6380,2287,10,0
48,90247,5,4032,3084,29,1
20,92015,69,19915,5148,26,1
57,51390,64,8471,668,23,0
63,76116,14,5719,1014,1,1
41,33161,50,13943,3935,24,1
67,52152,26,5863,5025,8,1
49,100171,72,5038,3116,18,1
64,126379,69,19836,9382,5,1
39,115833,7,3846,3704,24,1
40,40836,16,9064,8265,6,0
19,110367,55,12394,9044,3,1
44,86543,78,7622,1617,2,1
59,75648,56,13295,1905,1,0
19,46331,4,12782,5914,9,1
43,125992,48,2159,6841,9,0
34,30763,17,5626,4674,16,0
57,89444,36,4722,1177,26,1
50,113109,70,12630,9242,15,1
26,39187,80,12274,9511,25,1
60,31957,93,15888,713,26,0
65,24379,38,7589,2166,0,1
56,47959,62,16473,9585,11,0
46,102018,48,3243,4754,19,1
59,143076,10,9177,3286,19,1
43,47105,36,2760,8713,24,1
52,20877,29,17202,6360,9,0
67,68353,78,6442,1761,0,0
42,103788,4,15965,1672,15,1
41,116870,44,4236,5380,10,0
30,104585,56,16611,2554,3,1
24,103308,42,9235,3315,2,0
53,71567,13,16829,5174,24,0
62,77913,46,9680,5696,12,1
37,22637,82,12340,5084,20,1
18,92778,33,10148,5521,14,0
25,62025,21,11306,6730,24,0
63,126917,80,18499,3131,9,0
33,121187,79,19165,6845,5,1
31,119508,57,12018,8596,10,1
29,102464,69,19260,6800,24,0
68,48742,70,12142,7848,0,1
40,31831,67,10546,6344,28,0
32,133768,48,4276,2676,19,1
45,135911,76,17832,5862,3,1
51,105092,33,17008,8597,29,0
19,110879,36,5172,6099,25,1
49,108370,33,14183,9568,9,0
40,146537,31,13836,4758,21,1
39,66762,21,9989,9646,25,0
68,124824,27,14740,4619,14,1
42,118958,91,14102,7140,28,1
39,108741,72,16357,4788,0,1
39,38830,62,19566,1377,25,0
66,75044,96,16613,4985,20,0
69,93948,26,4326,3044,14,1
59,89202,66,1719,5559,2,1
23,57045,12,18906,7664,0,0
32,106322,22,2069,3100,5,0
60,137257,17,8749,4028,18,1
54,91051,7,13935,2908,3,1
50,127509,68,5887,5360,11,0
25,46627,37,12267,4448,24,0
61,35198,38,19540,9930,1,0
61,89521,96,8944,2834,16,1
22,131439,11,16934,1267,25,1
56,126471,1,13747,5383,5,0
21,49475,25,11505,4706,11,0
23,125752,42,14449,6448,14,1
62,138998,52,12697,7585,16,1
49,39403,24,5139,1244,0,1
69,23681,53,16221,4674,13,1
47,111555,56,8087,7698,22,0
64,138884,63,1632,3056,1,1
52,113122,81,3199,5566,3,1
57,135260,8,15548,8297,19,1
69,62292,59,12255,4661,1,0
33,123057,45,18006,786,21,0
30,125386,27,7073,3747,25,0
67,122306,52,17744,5599,13,1
59,25629,18,11559,503,17,1
47,113246,91,17097,6435,27,1
36,115864,86,9401,911,7,1
34,97814,16,12659,4845,19,0
36,28417,66,10122,4227,0,1
45,138888,5,14894,1856,15,0
43,54765,82,1877,8849,6,1
54,94499,3,14775,2100,5,1
43,134088,91,11691,7657,27,1
40,76574,81,17110,6206,29,1
26,122828,80,3523,6059,21,1
29,110545,70,13543,7696,26,1
18,148206,7,7270,5573,18,0
18,47675,50,6088,2882,9,0
64,145609,14,8564,652,22,0
51,121711,38,8066,3296,5,0
49,92267,79,7545,7782,25,0
65,60563,47,3321,7451,9,1
42,31332,33,14132,3305,24,1
57,143745,43,9330,4580,18,0
62,39177,91,9294,9747,2,1
18,109254,29,14553,6350,19,1
33,88447,57,6333,7862,2,1
56,77104,5,8858,1828,19,1
22,104335,93,6389,2892,5,0
39,134938,96,19232,3653,16,1
46,100730,60,4205,8692,17,0
20,24951,70,3161,666,9,0
29,126402,2,18848,3754,5,1
43,48333,70,1643,5560,27,1
33,41673,43,15986,2385,12,1
68,134421,4,12628,4868,5,0
54,60870,56,6351,8029,11,1
39,141945,93,5553,1399,13,0
46,147536,59,7518,2748,16,1
31,91101,89,6723,3912,21,0
45,42821,9,8946,6949,29,0
22,45494,3,1610,9911,26,0
64,119477,90,5302,3632,27,0
66,146083,48,2543,8655,24,0
47,94160,43,2466,8636,7,0
63,132698,91,10108,859,25,0
69,131560,96,15656,6950,4,1
22,20835,1,7236,8147,28,0
29,145126,57,14719,9025,3,1
33,38646,53,18565,1230,5,1
43,143777,16,19530,7567,10,1
43,97360,51,19656,1917,29,0
65,57335,75,10043,8267,27,0
38,89351,90,5536,8388,4,1
56,134934,55,18103,4263,28,0
53,22429,1,11206,7428,21,0
50,61950,90,4642,6196,13,1
47,80654,28,13062,1378,29,1
54,127422,53,17447,5982,9,1
40,129934,58,14055,3384,10,1
27,139975,73,1559,2797,2,1
22,88143,60,2733,9352,22,1
53,111186,59,9861,7871,7,1
51,124234,22,2542,4485,20,0
69,117889,8,10463,1769,4,0
48,122326,49,3415,1794,27,0
27,97527,42,11983,1509,19,1
36,106704,27,13905,2257,25,0
49,51099,39,6387,8276,20,1
18,59385,83,9187,9883,27,1
22,55919,25,7643,7078,9,1
62,116952,38,16667,8680,26,0
21,80782,85,12246,9745,7,1
33,91116,24,3458,3341,20,1
41,92590,24,7028,6216,8,1
33,109626,60,6447,2904,28,0
19,60387,83,2948,4062,27,0
66,35823,50,7306,1771,28,1
45,66015,66,9251,8944,14,1
49,122877,14,9092,3268,0,1
44,35339,53,13363,8301,22,0
37,149949,32,15066,9428,4,1
41,23491,96,17129,6642,14,1
29,20706,92,16776,2428,3,0
67,117493,48,1189,6766,18,0
52,35728,39,12752,5913,27,0
50,26997,40,8482,7328,9,0
50,123537,42,17679,2690,22,0
68,80408,77,1799,1502,27,0
60,78097,76,10934,7154,1,1
54,149526,8,9788,8594,4,0
29,58523,79,10909,6567,17,0
20,141648,26,13415,4252,22,1
18,45163,12,11790,6700,5,1
50,37718,43,14846,4637,28,1
57,107508,51,5714,4202,9,0
27,103767,91,12408,6443,14,0
60,59619,82,3839,4938,22,0
61,32126,63,4513,4927,27,0
46,109131,49,14601,6056,8,0
30,84926,27,2135,9032,12,1
29,60633,9,12913,2888,17,1
48,97654,39,11101,7492,24,0
63,23317,65,19631,6825,6,0
19,64980,71,7548,2200,1,1
68,64115,90,5516,5883,15,0
67,81646,71,5102,1733,25,1
52,63158,7,17217,2798,1,1
40,75963,72,18932,8829,3,1
34,67631,80,5511,3430,1,1
43,69316,67,15024,2333,16,1
25,125364,10,12413,2639,5,1
46,79342,71,17319,8899,9,1
43,35504,85,13715,6936,13,1
27,88593,53,8975,2708,26,0
43,46660,95,13621,8053,14,1
51,57196,87,11511,6122,20,1
68,85938,57,11558,9542,11,1
58,28605,91,1526,6786,18,1
24,77388,86,2753,8436,10,1
21,101297,27,15656,4190,0,0
67,75501,54,11220,3109,24,1
62,73309,4,19038,6678,7,0
28,47043,88,13741,723,21,1
46,53635,23,5841,4274,5,1
53,99315,48,5041,8416,11,0
42,100691,83,9965,9014,19,0
38,126514,42,15418,6473,15,1
53,53132,3,5417,2586,28,1
27,109387,91,9977,7396,17,0
54,35366,3,15587,7983,11,0
26,113944,28,1448,8163,19,1
41,92107,63,5585,7784,29,0
52,82580,81,13751,5961,1,0
66,135267,31,9108,2787,28,0
52,142362,10,16534,9378,6,0
65,77889,49,12443,5335,8,0
53,99553,86,1294,9688,28,1
35,59236,94,2238,3034,17,1
66,24150,21,16321,6030,8,1
56,131369,53,17074,1122,24,1
49,39423,87,14049,1575,7,1
41,24137,76,3816,7376,0,1
40,49992,89,2098,8995,4,0
49,130540,54,15679,9355,15,0
54,114438,57,2737,5737,13,0
29,135140,20,19573,4494,25,1
66,64921,49,3765,3194,12,0
30,141225,7,18606,4804,28,0
40,99369,29,15230,3698,10,0
42,86917,48,12434,5912,19,0
52,93690,93,13091,9210,22,0
58,54235,13,1410,7889,12,1
47,98975,3,5786,4933,26,1
34,39122,2,10069,6409,14,0
66,43956,16,18170,8517,29,0
37,83879,94,19493,4310,23,1
65,78560,6,6835,1412,29,1
42,141435,45,2986,7942,25,0
39,102800,71,9126,5402,26,0
30,130310,5,10070,3688,15,1
36,88685,56,8300,3728,12,1
66,44660,71,16548,1071,7,0
53,148029,98,3403,8268,17,0
29,126196,32,9262,5635,18,1
58,106064,49,11502,8789,28,0
36,134440,13,7701,4533,25,1
29,21168,30,4295,2139,14,0
26,65124,25,16687,6943,9,0
24,55897,85,13875,5342,22,1
45,35032,60,3121,6041,3,0
31,72797,59,4582,4527,5,0
48,55294,85,15477,760,7,1
69,63827,28,10821,9627,23,1
36,23516,58,6700,2297,6,1
64,39751,20,8232,831,28,0
33,50373,34,5288,4710,11,1
22,142026,5,2085,8959,17,1
52,50270,82,16891,2559,17,1
29,30386,60,16600,572,18,1
42,121859,43,9645,5611,3,0
69,84817,57,9810,3421,0,1
38,85184,57,9828,4388,4,0
53,134316,75,19732,677,29,0
40,99693,54,5874,2499,6,1
33,57879,81,14767,9463,27,1
56,125056,45,11913,9637,25,1
62,69597,86,17215,7926,10,0
59,59132,37,19733,4995,20,1
56,23626,84,15332,769,29,1
31,105936,48,5432,2155,22,1
48,122179,54,8265,3033,20,0
22,123801,48,7103,5482,10,1
52,101515,6,12012,4861,9,0
40,97065,34,16900,6618,23,0
46,75390,63,3031,9196,6,0
60,36645,78,18633,2904,15,1
28,111960,48,9519,2701,29,1
35,74144,23,9988,6519,0,0
64,33382,84,6299,6159,26,1
29,24025,13,13952,1653,0,0
26,63226,47,4094,4661,11,1
27,99380,44,3977,1836,15,1
61,142971,32,18346,9098,4,1
34,138910,26,6725,3978,13,0
55,89711,53,2268,776,17,1
24,116055,14,17161,7258,8,0
63,146189,52,17756,3980,1,1
30,94710,36,8617,2861,11,1
57,23443,8,16032,5868,24,1
59,41395,40,13934,9152,9,1
26,30725,86,12885,2946,1,0
67,53461,22,10796,8101,14,0
44,147000,16,7279,5551,3,1
19,61115,91,1095,4017,18,0
22,130084,60,16478,5302,21,0
46,116887,60,8021,2875,3,0
54,103732,10,16185,8350,24,1
55,132145,25,6868,7244,8,1
36,99790,31,14071,6889,12,1
25,99557,21,9041,6748,9,1
65,131672,91,17515,1471,13,0
62,91260,81,12307,7636,24,0
18,48690,33,8290,8844,2,1
39,21407,31,16495,4460,2,1
69,93568,90,7516,3586,19,1
34,78560,21,10341,9421,15,0
24,67340,36,12702,4467,8,1
42,37794,65,1807,5451,13,1
62,39881,4,14031,4502,21,1
21,106292,68,17434,2832,15,0
53,125698,90,12400,4875,8,1
23,114952,4,17439,1185,23,0
48,69703,9,4664,4388,22,1
36,64354,30,1743,1468,28,1
61,111288,45,7030,7820,4,1
56,98462,4,15661,2533,12,0
44,139020,69,15975,7575,14,1
27,119301,23,1079,5761,24,0
43,138764,16,15809,9459,3,1
36,34390,22,13132,1145,13,0
56,124403,72,3966,4621,19,1
20,107475,48,16534,8612,23,1
62,47307,62,4728,9771,19,0
30,116364,97,5536,6936,6,0
67,114049,60,17509,9328,3,1
45,138740,80,6813,7597,26,1
37,139991,5,1947,8792,16,1
45,44502,80,13565,6086,25,0
25,115599,7,16844,1368,8,1
58,42486,51,1594,6414,3,0
56,131813,65,17524,8713,2,0
18,58258,9,15017,6855,18,0
20,77716,82,5205,2403,8,1
30,117228,45,8782,3076,7,1
45,123920,47,3660,4609,25,1
66,101494,67,17013,5114,6,1
42,120552,24,7856,8514,6,0
50,102768,92,7089,3793,3,1
55,30748,10,6318,2435,18,0
23,82785,73,16405,1115,11,0
61,96050,77,19936,5557,19,0
62,42738,48,9062,8978,5,1
49,94231,35,18424,2423,11,1
62,93606,54,9506,6955,28,1
64,113301,87,12651,8104,29,0
38,61662,81,16730,8652,19,0
33,138313,71,4236,3273,3,1
38,116297,16,4680,5693,1,0
28,102234,53,16383,9684,14,0
54,35123,40,12298,2403,29,0
53,120680,20,18921,9567,22,1
52,45616,88,4872,643,5,1
36,122682,69,2867,7996,17,1
37,31182,45,16820,2756,20,0
35,110369,6,18545,9814,21,1
64,118878,92,4920,1199,4,1
58,82013,69,6693,6818,3,0
66,51331,49,11948,770,10,0
31,66098,39,9456,8754,10,1
32,46128,2,7331,1507,8,1
48,51556,39,14107,7703,2,1
18,147398,21,10494,4224,10,0
20,107505,40,14853,7099,1,1
33,41876,82,10386,9984,8,0
40,28949,54,18910,6987,23,1
28,71962,12,9131,8417,24,1
29,110054,81,12796,5009,9,0
27,143984,37,2158,5900,10,1
49,91206,38,18528,4820,2,0
33,44099,15,1068,9869,16,1
25,124871,7,4717,5972,10,1
55,32716,78,16218,7706,16,1
29,72611,50,12200,7372,18,1
41,58885,65,16855,8423,3,1
45,73144,67,10361,5216,1,0
25,85220,44,16692,7618,23,1
45,27837,31,12526,3120,13,1
53,69355,43,11207,3036,28,0
43,67299,77,10231,5603,14,1
25,39159,48,16063,7580,27,0
67,145212,82,5723,5817,2,1
45,136680,81,5213,1695,28,1
45,136931,81,4466,9199,29,0
54,126802,61,13449,904,19,0
58,136375,75,3747,1794,21,1
53,122413,84,13454,6554,25,0
44,71012,10,13587,4125,12,1
34,79305,29,17383,8368,21,0
26,107096,48,3203,3319,12,0
50,37106,98,14635,5259,17,0
37,78123,81,2144,6245,21,0
30,131825,62,13213,8064,19,0
45,28720,13,17944,4137,20,1
65,57661,44,2187,2373,6,1
46,135031,47,4133,1906,22,0
30,113898,64,4411,6014,15,1
63,113794,91,2689,2077,15,0
52,107318,53,5407,8272,21,1
23,126704,90,3423,5879,25,0
35,41120,92,18753,5811,5,0
68,39790,77,7728,9328,5,1
22,78655,76,1976,6047,3,0
64,79643,44,13801,1307,2,1
42,113448,28,11548,2895,0,0
19,67374,2,1118,5024,2,0
27,62907,57,2542,1915,18,0
47,70071,57,1972,8008,8,1
67,140507,34,1915,2949,13,0
62,54812,87,7621,3996,18,1
22,69570,58,17970,7603,23,1
50,70901,52,15530,5232,23,1
18,80186,29,8354,7522,18,1
35,142066,35,14761,7995,25,0
49,148364,75,5591,9206,25,0
64,70251,48,19946,5599,27,0
66,85171,33,9464,7832,12,0
28,56160,75,13550,3794,21,1
38,39156,73,15351,3408,15,1
43,96208,78,5290,5916,27,1
42,99980,9,7446,9032,7,0
39,92320,48,14432,6170,23,1
44,37929,67,2522,2968,25,1
66,86606,93,1561,2928,15,0
30,108442,83,4540,4188,25,0
50,120154,36,13328,6648,8,0
51,82559,96,2479,2527,8,0
58,74205,71,7677,7671,23,0
52,130694,92,18589,815,22,0
18,88475,44,9848,4489,25,0
38,84341,82,17973,9793,2,1
65,115377,60,13766,1030,6,1
23,62863,63,14520,8384,19,1
45,101837,5,12943,2359,17,0
34,85439,87,11292,5257,29,0
22,27194,86,11076,8372,23,1
48,91387,90,17017,9911,1,0
22,141361,76,9655,1567,0,1
55,101914,40,9945,1227,11,0
20,86214,19,9774,743,15,1
40,116176,47,3205,1211,11,1
54,119292,65,13342,8424,20,0
54,49777,67,5027,8962,9,0
27,145355,91,17327,3060,28,0
27,46183,18,8188,5639,8,0
36,47445,50,3808,4060,20,1
34,87038,30,14851,4503,26,1
38,136477,66,16354,2677,17,1
31,107201,5,16058,1337,25,1
26,36198,93,15620,4214,3,1
63,41411,97,4913,3578,7,1
18,70577,42,18803,5532,22,0
68,35867,84,3167,2150,20,1
62,82501,94,3144,3448,3,0
30,34266,5,3167,3020,29,1
21,59422,50,10752,7769,15,0
18,55208,85,10368,8097,20,0
66,128538,58,18550,9864,22,1
57,141544,79,4575,862,20,0
49,51213,84,19254,9341,7,1
51,27367,8,17543,2756,6,0
45,144158,31,8243,7852,22,1
48,99026,12,13926,9827,24,0
25,55362,21,2055,4858,23,1
56,139377,94,17717,5797,12,1
43,71588,62,10083,5361,27,1
51,58285,91,2362,1375,7,0
20,146683,90,1925,6455,21,1
67,145085,33,19827,7629,6,1
29,94755,26,17321,4351,23,1
18,91846,90,11769,9844,28,1
61,56307,40,4980,8305,4,0
22,115167,65,8260,7156,25,0
47,100280,59,17151,2422,17,0
47,39867,15,11597,9320,29,1
34,76523,1,2419,1628,22,0
65,104161,11,12067,5061,25,0
64,26378,55,1059,9455,18,0
40,104685,2,3524,1519,9,0
32,127669,65,2578,5524,10,0
54,96958,95,13598,8074,7,0
38,47926,44,15527,4427,5,1
31,123215,16,17047,3341,10,1
19,118707,22,1707,5977,15,0
28,33180,18,6277,9366,29,1
68,112837,47,2780,1508,3,1
56,138070,81,14811,1726,1,1
55,56931,30,19797,2135,12,1
51,44014,10,14145,7761,6,1
55,134775,99,15662,9015,16,0
67,116472,58,19545,8029,22,0
51,99872,62,12731,2185,12,1
35,78502,85,9800,4212,9,0
47,107736,80,17692,7558,12,0
32,25470,6,6439,9233,9,0
44,116395,67,5307,3444,6,0
68,34953,41,3364,1827,9,0
51,124580,43,17568,6406,28,0
69,58507,85,6324,9330,15,0
55,138961,77,6483,2760,2,1
50,112969,18,1245,1929,3,1
41,111493,58,9430,9653,27,1
32,26523,60,9183,3462,3,0
47,106923,88,6924,7886,3,1
59,77190,27,17903,2968,15,0
68,67761,68,14901,3728,8,1
34,51169,22,4907,8820,5,1
22,65641,24,1276,4899,9,0
46,42990,40,6101,4466,24,1
21,49661,74,15537,9608,27,0
27,33419,66,13501,5781,3,1
34,34457,40,5603,5517,22,1
27,87600,6,17335,5655,28,0
34,123619,18,14386,1750,11,1
37,96102,81,5053,5188,9,1
41,53085,87,7073,4573,11,1
22,117064,30,17525,4287,27,1
51,70654,21,11561,9631,24,1
23,26130,62,19101,6158,25,0
19,125723,10,13748,9693,18,0
30,22042,13,8313,4272,28,0
60,90134,76,6714,2712,18,0
60,62982,9,17783,7367,21,0
65,118422,68,10526,7463,23,0
28,85185,39,14582,6193,0,1
68,53477,24,11815,4491,3,0
64,134161,34,14760,9795,12,0
40,72709,61,7255,2687,7,1
33,48716,41,17622,3532,21,1
48,98137,5,4215,4403,13,0
28,56018,79,8541,8720,15,1
33,28061,50,4647,9952,1,1
25,28609,4,10808,4170,7,1
21,55371,51,19813,6227,12,1
57,130350,52,4652,5394,29,0
21,103021,39,15028,6018,0,0
42,40805,8,14803,2836,11,1
20,27857,45,7307,3823,16,1
49,31620,88,2535,7620,6,1
20,28177,28,15932,8359,15,0
44,50111,27,16749,599,13,1
46,140770,65,9727,4156,9,0
49,108578,34,18332,7286,2,0
67,104181,81,11834,1193,27,1
68,109941,62,10213,5301,11,1
36,147049,62,16437,8709,7,1
38,31826,38,2403,4209,15,1
22,33890,26,8506,3270,24,1
35,102428,24,8591,1530,23,1
45,137067,39,13996,4975,0,1
59,146044,21,6060,4709,16,0
39,78031,94,16062,7495,5,0
38,139440,47,2602,2119,27,0
23,132134,48,14472,9542,0,1
18,95020,13,3196,9667,23,0
22,25495,3,12091,3016,14,0
58,48481,32,16040,8495,12,1
29,31267,35,17494,1625,29,0
43,137897,19,17016,9184,5,1
63,125702,14,7023,7406,20,0
51,26743,48,4867,6104,12,1
66,74800,86,10569,3536,21,1
31,123475,81,8641,3026,3,1
43,68773,68,6004,666,0,0
62,77042,45,10963,4689,22,1
44,69476,19,14796,7848,9,0
26,147967,64,9204,1075,24,0
43,112105,66,8077,7671,3,1
64,48552,79,13526,9297,12,0
39,85242,66,4261,3843,3,0
64,65772,75,18046,2318,15,0
47,63730,45,14397,9847,8,1
60,48948,87,4390,9507,3,0
65,96311,74,16299,6523,25,0
34,89093,67,2902,8479,19,0
43,89123,69,17712,9654,7,0
53,36535,3,10631,5671,26,0
18,86490,38,16562,5909,3,0
25,66562,77,14540,5041,8,1
66,139042,42,4846,6880,10,1
52,145251,83,13359,4360,23,1
69,109080,40,17608,2014,4,1
32,147844,50,3520,1567,8,0
64,78535,35,9064,1381,7,0
39,118991,24,19791,7409,29,0
31,61269,88,7683,5532,25,0
43,100674,17,18194,7002,3,1
45,62462,40,4117,4139,19,1
40,23127,74,16604,5057,0,0
31,43147,66,13578,8792,19,0
41,65528,44,3251,4032,27,0
19,97095,23,14513,3316,12,1
62,133100,6,5661,6911,23,1
43,88931,66,15103,907,27,1
31,110925,21,7421,7704,27,0
68,86381,35,5925,3015,4,0
24,119468,29,13202,8633,21,0
20,131258,7,3646,2239,19,1
64,83749,93,19130,4552,29,1
40,58672,53,5309,758,20,1
63,33731,37,17832,9200,9,0
60,144647,23,18952,6286,15,1
64,74512,97,13667,4183,7,0
62,118658,8,8310,5220,11,0
35,71024,76,15967,4226,24,0
55,136712,48,10239,1178,2,1
52,121121,10,8088,9975,25,1
68,23832,79,13822,9598,3,1
32,52332,24,18448,8959,16,1
42,32467,90,4821,6626,26,1
54,61025,47,2436,5406,20,1
45,33107,53,13897,8398,19,0
27,148347,39,19867,1700,21,1
56,97994,67,8719,5855,21,1
34,114202,66,3794,1616,12,0
56,63481,6,12528,6844,25,1
39,22581,21,11082,6430,5,1
43,95118,73,14018,9590,2,0
61,144010,74,18481,1558,13,1
42,71638,36,19022,7784,6,0
34,143714,3,16584,1187,2,0
30,28418,88,10850,6077,5,0
37,113627,86,9455,6090,28,1
42,49113,78,12184,8652,12,0
21,104363,42,14207,7563,13,1
27,143607,45,1160,9479,14,0
20,83044,44,9418,8895,25,1
58,99955,91,8081,2991,15,0
62,81030,33,5412,5322,0,1
35,31814,60,11114,7504,14,1
64,119340,86,19722,7511,29,1
53,30024,93,18985,6200,23,1
64,83288,83,6888,5362,6,1
39,129236,83,4718,5850,27,1
51,77836,70,11614,9918,8,1
64,27435,83,19309,9605,14,1
25,87084,77,9443,855,13,1
57,144023,26,16203,3972,18,0
66,90601,86,17369,8932,27,0
61,108416,21,8274,8210,23,0
36,140871,2,16759,9312,17,0
59,138645,47,18986,1354,8,0
58,23407,30,17897,6863,0,1
54,118943,27,16104,7204,11,0
23,52940,71,9633,4124,9,0
69,25666,20,9192,5946,6,0
43,57122,50,7501,9752,13,0
51,138647,95,18286,9073,25,1
62,45092,23,6719,6531,29,1
23,149753,13,10412,6682,0,0
54,143402,81,16963,1632,14,0
50,95645,4,19705,2976,21,0
39,121190,14,1855,3635,0,0
38,120468,20,2017,2579,12,1
23,149207,13,6279,1444,19,1
23,46505,3,11412,6340,22,1
65,56713,90,8712,4462,1,0
21,74387,90,16817,7174,2,1
47,63169,82,7624,1334,3,0
28,93282,96,17579,4250,15,1
47,97511,78,16131,4684,21,1
48,71742,47,5694,7678,28,0
41,60522,3,15047,5668,11,1
26,101132,1,5651,5491,24,1
20,139622,90,13726,8646,3,0
68,138764,24,12299,5790,21,1
48,123489,35,18441,4738,11,1
57,119397,14,6207,8898,6,0
54,23880,67,11897,8665,19,1
53,63454,13,3792,4034,21,0
41,75711,47,1420,2552,2,0
48,63539,50,3840,8651,4,0
23,128984,78,14437,528,11,0
19,88321,85,18415,9905,11,0
37,107985,26,8639,8879,26,0
45,34799,3,18875,2360,25,0
28,134584,51,5975,8434,19,0
21,124843,40,17893,3072,22,0
32,80102,68,19243,8551,21,0
23,70726,36,16535,6628,6,0
66,68784,51,6061,4514,21,0
47,140364,1,2858,4752,11,0
55,133034,33,14678,2627,1,1
68,63333,7,3065,3207,13,0
19,60828,52,15391,2313,22,0
32,89526,11,14346,8316,15,0
28,74362,27,16237,8851,23,1
25,73997,14,7773,9035,6,0
43,143973,86,10788,8896,3,1
68,70341,80,15094,8996,19,0
62,39073,46,5442,9091,27,1
61,122399,76,10247,6749,4,1
22,34549,10,14195,6985,13,1
23,103795,24,10215,9677,8,1
43,76920,61,4204,2305,4,1
21,105326,18,17959,5547,1,0
36,95515,86,17582,6040,4,0
37,149392,9,2365,2596,28,0
50,40316,17,19382,5837,2,1
37,46183,58,18400,1959,9,1
66,113860,13,1025,7434,7,1
29,44624,50,4724,8922,25,1
64,82515,6,4458,4282,9,0
18,123712,85,11559,4000,28,1
43,105781,51,5746,9574,1,0
31,66705,36,14217,6105,13,1
55,109326,71,10067,6919,26,1
54,46756,25,10133,9124,3,1
28,80390,11,4041,9900,20,1
53,88369,44,8765,8389,11,1
30,90821,14,6404,5738,19,0
60,29589,29,1571,2317,28,1
20,133012,74,9796,8070,13,0
50,34116,50,13612,5603,15,0
23,93181,5,16305,1117,4,1
67,64786,72,9573,9009,25,1
27,114686,69,2236,6785,15,1
22,143711,88,3380,956,26,1
40,96425,57,8177,1000,28,1
27,50286,26,15538,8574,3,1
61,123081,6,12971,2815,28,0
19,35994,16,11297,4374,2,0
30,121039,60,2517,7130,0,1
57,131915,12,18917,5473,29,1
19,142961,75,6887,5274,3,0
37,110198,3,12486,1503,8,0
18,124672,63,5642,7348,0,0
54,46639,64,19534,4696,15,1
26,37205,62,12423,7215,22,0
34,76677,6,12399,1566,2,1
26,52930,19,7061,5216,23,1
28,93313,18,13685,7108,5,0
32,113851,80,5487,3734,12,0
41,133153,87,13018,6994,16,0
55,112509,43,8750,4998,14,1
52,38316,73,18461,5767,25,1
47,47304,3,18684,6671,20,0
48,121839,72,11350,8595,29,1
66,116058,38,15410,4169,11,0
22,107876,68,16105,5215,28,1
61,105366,76,19913,6569,7,0
67,33403,44,4260,2461,26,1
31,100052,95,17747,1375,15,0
28,137478,89,15574,9234,2,1
26,104627,80,14712,4016,27,1
51,93495,63,18229,4365,27,1
29,51932,42,18711,4999,3,0
52,116090,64,4255,9710,6,1
52,56701,54,4237,7733,14,1
18,23385,78,13433,6447,10,0
57,141324,77,10497,1074,15,0
39,119226,71,17350,1958,21,1
46,77241,76,16941,7895,13,1
25,30367,37,11224,3672,22,0
28,85030,4,9956,2970,12,1
58,66505,2,6465,3927,8,1
54,144462,99,17882,8298,24,0
31,53332,44,3944,8236,17,0
47,105178,67,6856,4706,2,0
52,96325,68,12996,2700,19,1
38,55268,76,13652,3464,21,1
54,106486,83,7077,7405,4,0
22,45563,74,1135,3813,21,0
36,125185,62,16773,3427,26,1
31,56404,1,10292,9373,23,0
43,75182,17,5033,8970,1,1
21,52991,16,15178,4958,21,0
42,124601,9,7546,2148,24,0
62,67663,53,9396,6027,20,1
59,85886,73,11563,9850,16,1
42,142002,59,13882,8684,15,0
35,103848,9,17945,2841,28,1
57,44127,12,4314,2018,23,1
25,77692,41,19595,2338,19,0
56,114389,15,19755,1370,23,1
57,57500,66,13927,6038,12,1
31,53785,75,3681,5977,19,1
49,104146,11,3806,9863,10,1
68,109126,8,12961,1628,7,0
55,114979,55,19639,6999,24,0
50,67997,96,13602,1784,20,0
40,27170,6,10092,9262,4,0
32,33303,53,7382,3364,1,0
50,91743,20,10942,6545,24,1
42,97852,39,4159,2477,26,1
34,55187,99,6656,9138,3,1
50,85034,72,2452,9972,2,0
64,91776,34,10435,5539,1,0
19,21893,57,19706,7539,2,0
31,33753,19,10862,9328,15,1
57,58090,71,11219,3473,19,1
57,84922,31,2768,5126,8,1
68,96768,82,7096,618,5,0
56,79412,40,6185,8499,25,0
68,142406,14,12855,2792,14,1
23,76030,81,11494,2604,4,1
23,37509,37,15460,1567,28,1
20,88653,44,2169,923,8,0
24,56929,9,7590,4319,23,0
68,149626,58,17770,8203,5,1
25,68291,20,19814,1780,2,1
59,24042,92,18789,3932,22,0
69,82574,50,1123,1262,12,1
32,57201,20,16626,2129,25,1
64,112282,36,6909,5999,21,0
46,34016,27,4896,9134,27,1
50,45022,72,9066,3514,14,1
69,120962,32,10373,1997,10,1
47,47938,1,18111,8780,29,0
56,63678,17,8039,9671,15,1
44,138171,9,13076,9153,14,1
53,149638,84,4670,4052,23,0
46,121248,45,18525,8137,27,1
55,81720,96,11567,9071,5,1
50,125514,66,16029,4996,13,0
54,76805,32,16793,5146,10,1
44,94323,45,9550,3483,25,1
50,21986,9,16338,3560,19,1
21,96478,30,19595,8334,9,0
39,102994,84,1972,7304,15,1
19,32161,38,1360,8010,11,0
27,40689,60,3632,3450,6,0
22,147101,1,4190,5040,6,0
27,114699,5,5948,7918,26,0
50,80924,63,16346,6563,23,0
55,121311,99,16554,8161,17,0
30,119273,36,19008,3921,14,0
48,94308,65,13120,2490,26,1
64,121128,78,19140,4356,5,1
53,83745,73,8818,1982,29,0
62,146881,94,6119,3045,18,1
41,21211,24,13953,4720,7,1
69,20229,4,15900,1142,19,1
32,138972,78,1975,4418,14,0
46,68542,89,17265,2086,29,1
25,34345,68,5318,2909,3,0
22,121489,25,3313,7004,17,0
46,51819,74,18171,554,12,1
64,67779,99,19812,1341,21,0
21,102421,7,9747,7428,21,0
29,112244,13,11301,5087,0,0
62,85584,68,16048,9676,27,1
19,39950,43,14134,3406,7,1
44,35173,57,7664,5588,18,1
48,137743,36,14382,5556,16,0
68,78032,14,11841,6482,9,1
68,135074,82,13427,2772,0,1
53,119273,72,8483,6641,0,1
53,48036,96,2363,8515,20,0
43,143885,27,4959,8794,4,0
60,132857,37,2749,9661,0,1
44,91356,87,1540,1571,20,0
22,34292,71,8634,1236,22,1
37,23052,76,11614,6876,20,1
28,64377,25,11282,8249,24,0
27,109317,67,4958,4130,19,0
57,87838,90,16412,727,12,0
55,87819,4,4859,7165,8,0
23,133689,79,9050,6211,15,0
25,128103,96,19041,6656,27,0
40,35620,93,7185,4070,7,1
64,50461,74,18423,9136,13,1
43,40750,85,19500,8493,28,0
63,118426,16,15388,2119,16,0
60,108719,19,9876,2704,28,1
29,29472,29,5018,3203,3,1
43,89263,51,10989,8242,6,0
30,132036,18,19208,8074,16,0
57,77602,58,9452,9873,27,1
35,45523,44,4571,1297,23,1
42,50766,16,10680,9526,15,1
50,123262,65,15318,3499,13,1
64,86060,2,17738,3264,15,1
57,29079,56,6029,4184,26,0
60,28399,79,16668,8699,1,1
29,80726,28,3774,6739,23,0
61,112906,65,17972,4374,14,1
53,36532,5,15048,3829,10,0
65,142689,22,1604,6569,12,1
21,102357,13,11420,6084,3,0
22,63162,65,9365,9305,23,1
54,23749,16,15689,9380,0,0
25,31353,86,17737,9589,14,1
59,132313,64,17014,8801,11,0
66,48477,32,1433,1660,20,0
45,44570,80,12144,4110,8,0
48,106373,51,1867,5244,6,0
26,31437,79,15340,7831,2,1
68,58104,58,12837,2503,15,1
46,83370,46,15291,8535,3,0
31,24551,52,9787,2027,25,1
57,88359,63,1393,7818,22,0
58,74880,76,13056,7734,13,1
39,32916,60,11392,5669,21,1
28,146150,65,13189,5110,12,0
40,100703,81,14141,7221,28,1
18,61445,55,12621,9197,19,0
63,67636,57,19510,4750,18,1
54,93927,92,9330,7126,26,1
38,98194,71,4960,3355,1,1
43,49685,73,1663,4464,9,0
63,71134,86,15533,8435,27,1
53,108916,26,15491,2174,24,0
40,127967,12,10265,9882,18,0
18,114455,71,5574,2892,14,1
68,147763,46,6546,7378,6,0
57,87847,47,1185,2421,14,1
32,59993,79,19364,4933,16,0
38,64333,38,8808,2327,23,1
64,128574,21,1829,1216,15,0
26,78865,14,14560,1130,16,0
26,99096,2,12520,5360,27,0
27,69756,72,12540,8776,15,0
69,142863,70,11677,4268,17,1
43,81192,33,13803,9428,16,1
58,80686,6,14888,3207,3,0
52,68733,90,14234,8918,1,0
69,124089,37,2225,3857,16,0
42,45993,14,6774,9999,16,0
43,50492,37,14043,8360,1,1
28,40981,8,17163,4704,21,1
55,44143,77,3844,4730,1,1
19,97603,13,8347,5533,28,0
24,109452,40,4996,4886,14,1
35,80277,92,10690,8657,28,1
44,127044,58,2688,8175,27,0
51,131957,18,15287,2367,27,1
44,69990,57,19831,7465,15,0
34,148406,83,18251,7696,10,0
60,82888,38,13504,526,28,0
61,89351,32,7952,6656,1,0
68,117372,86,12716,9624,7,0
41,69999,66,16763,7088,20,0
42,123013,77,7084,6267,29,0
24,122811,87,14219,966,23,1
69,124879,25,11204,8189,11,1
23,90309,92,17097,3200,13,0
41,32446,58,5049,9309,27,1
50,50733,75,4457,4277,13,1
66,139156,33,18632,3187,23,1
46,96000,88,18551,5832,11,0
60,68632,66,4490,7306,1,1
39,41576,30,16470,5556,13,0
43,23320,81,17189,679,22,0
45,30750,34,14162,8496,24,0
67,123002,86,19281,5964,11,0
38,73463,69,12728,7220,23,0
66,46572,48,19563,1421,28,0
24,138361,40,13912,3592,8,0
34,37948,51,6955,6027,28,1
37,146898,80,11162,7965,7,1
58,136528,13,3720,3219,19,0
66,58826,90,11573,8613,15,1
37,109051,31,19327,9715,9,1
39,47867,39,12338,651,6,0
45,80231,63,12675,8704,14,1
57,86262,48,15371,9406,24,0
66,111356,87,14936,4125,8,1
24,146340,48,11019,8940,3,0
18,92233,61,9414,1644,22,0
49,64678,12,2746,4982,5,1
30,127561,78,17913,5034,27,0
47,32963,56,9325,1220,11,1
40,84360,18,12995,5068,14,0
68,69434,27,5486,3729,18,0
36,86617,28,17485,1506,25,1
49,40269,82,15328,5228,21,1
47,137569,80,19929,7599,23,1
46,96312,52,19942,7616,1,0
66,117352,16,12233,4313,27,1
62,99732,77,18332,1037,18,0
46,137658,58,10760,3185,23,1
47,127648,93,16702,2480,19,1
33,101494,9,19437,6406,19,1
57,108905,26,1193,1039,1,1
36,97225,28,12612,7546,14,1
35,102867,77,9229,7761,26,0
18,57528,36,5566,9175,25,0
31,144597,9,7595,9720,11,1
68,98972,47,6609,6800,28,1
64,85602,78,6108,551,0,1
67,116261,51,2783,8934,22,0
19,110748,76,11158,2186,13,0
45,143193,57,6831,3321,3,1
66,146277,32,1041,7063,21,0
67,53332,67,12186,8620,23,0
47,144481,57,12561,8596,10,1
55,110937,54,18445,9116,6,0
68,149529,16,10868,9386,12,0
21,98929,62,4689,9045,13,0
18,89206,84,8595,4190,6,0
25,111137,96,15687,2189,21,1
46,22251,56,1325,8984,10,0
56,65717,23,2120,1216,19,0
20,119108,17,17491,7783,19,0
49,47027,80,11870,5075,24,1
27,117382,38,7294,5072,10,1
27,106551,72,6193,1137,20,1
36,29583,83,16213,8479,8,1
63,70387,30,16611,9991,26,1
51,43104,58,15230,4448,27,1
50,32224,98,19423,9381,24,1
40,80624,78,18187,6050,3,0
45,76058,22,11040,9403,1,0
49,124320,17,1766,9130,1,0
67,116372,15,14696,3841,24,0
24,49299,48,4527,6050,8,1
46,98572,32,19690,4738,18,0
25,105469,77,12021,2283,14,0
18,97928,85,18872,9559,20,1
20,149518,40,5129,1988,20,0
41,93474,97,12758,7660,17,1
40,24141,57,19757,967,15,1
25,43350,58,15312,6083,1,0
64,95082,91,12804,1917,25,0
54,90871,99,14777,6405,11,1
20,25077,16,11983,2276,28,0
68,66015,28,7990,1581,0,1
50,91147,98,4983,3425,1,0
45,79180,1,4768,4584,13,0
64,60857,41,2504,8128,26,0
25,121196,48,3450,6695,6,1
51,79840,31,12236,1511,16,1
52,145463,36,19417,8402,14,0
49,79902,33,9002,1313,16,0
41,25577,33,10891,772,8,1
31,40002,82,7019,4144,12,1
49,70711,23,14898,2216,1,1
63,59451,60,11472,6776,26,1
60,119811,87,16264,6732,14,0
33,69103,79,18691,7328,19,1
21,48647,90,11719,856,10,1
69,54831,30,1975,703,18,1
54,138330,89,11248,4245,13,1
38,120304,45,14002,2096,26,0
31,116498,80,15213,7114,3,0
48,148949,39,11618,996,26,0
65,133870,45,11620,562,29,1
35,115119,78,4733,2079,10,1
24,86830,81,9551,9231,15,0
27,100632,12,3223,4793,22,0
24,56833,93,17868,5376,25,1
50,132394,32,2428,8350,29,1
40,112864,56,3080,4625,1,0
38,44398,24,14776,3213,1,1
36,144633,13,1695,5828,8,0
65,81554,20,1201,9772,21,1
36,70755,79,13049,8387,26,0
53,37706,56,16628,3879,22,1
46,42340,53,9265,2098,20,1
35,84994,68,13460,8133,28,1
19,83884,54,4477,3678,20,0
18,104361,34,3202,8544,3,1
64,37482,28,16542,5613,7,1
22,74225,50,15624,3872,22,1
37,78849,2,9449,7263,25,0
28,94854,94,12850,1569,17,1
59,61256,26,7317,3276,14,0
19,129545,51,6350,1692,1,1
20,128721,47,3806,1313,21,0
40,101110,26,8163,1652,27,0
29,133606,84,1185,6332,10,1
37,34650,92,9070,2383,16,0
22,66118,84,12545,767,6,1
54,48930,75,19458,4171,7,1
55,105707,74,17006,3312,29,1
47,149030,61,1201,7062,9,1
26,120400,23,12284,7513,23,0
51,31801,37,6710,5677,2,0
61,71360,41,16698,4585,12,0
52,107908,52,3102,883,22,0
69,36559,83,10102,3350,16,0
39,52334,82,2571,7221,12,1
61,125473,49,6125,7583,26,1
41,33288,27,7697,1549,18,0
34,42398,6,19543,2333,28,0
27,96230,74,15034,9489,21,1
47,32191,66,2329,4967,8,0
63,38051,24,9652,3475,20,0
40,81715,38,4699,5655,28,0
49,30737,28,7027,8198,15,0
34,85140,28,19657,8500,29,1
67,45251,66,11667,1790,4,1
68,70975,61,5823,8461,8,0
34,25147,46,10347,8099,27,1
31,70508,69,17881,7686,8,0
26,72224,75,7959,8006,5,1
57,39643,74,14616,2687,20,0
19,58967,43,7210,8758,9,1
62,118850,59,13517,8291,17,1
42,123535,2,13620,7270,10,1
56,60733,15,4976,9270,23,0
26,104003,37,18991,8434,27,1
39,54808,71,9912,2105,23,1
60,139222,20,18658,8487,14,0
63,87288,98,13059,7665,6,0
21,78959,35,1690,6554,13,0
43,21849,34,13344,5005,7,0
46,88178,86,4437,7747,18,0
62,87136,31,3355,6307,14,1
51,80740,87,1749,6756,18,0
40,132255,19,13965,8551,17,0
54,106322,68,13847,4784,16,1
28,64565,24,6758,2654,2,0
23,40183,84,19088,8242,2,0
35,135306,39,12637,3304,6,1
38,21132,92,7074,2720,27,1
59,58259,54,14378,9690,9,0
53,116612,39,19761,1221,24,0
58,83668,17,15529,9906,27,1
55,148355,19,6274,7474,16,0
51,58563,48,15007,6303,14,1
34,112227,35,7409,3894,7,1
54,128835,32,19599,4525,16,1
42,30931,47,7288,8628,2,0
55,147156,47,1885,5656,3,0
29,93169,64,1864,5312,26,0
40,149457,46,7917,9150,7,1
59,70639,35,12686,9318,12,0
39,142536,94,4054,2956,0,0
38,123313,17,9977,706,27,1
44,78901,42,17199,1856,17,0
48,120417,29,9536,7961,10,0
23,21044,70,16070,7656,20,1
44,66691,17,17937,8651,5,1
57,120735,81,8683,7022,15,1
51,44363,14,18171,3173,20,0
29,66694,24,11011,1549,28,0
62,21582,57,16271,7323,18,0
24,99910,50,9896,3091,25,1
27,86844,57,15582,7376,22,0
62,41301,61,8190,4504,27,0
34,94329,39,10144,6473,16,0
43,21620,55,1814,8782,17,1
38,82224,96,10740,9167,10,0
45,76655,36,3777,8556,13,1
63,115419,37,5958,2546,11,0
19,57534,14,4825,5807,24,1
60,140050,27,18600,8236,29,1
18,123496,83,15800,4190,19,0
68,59390,31,10999,3766,23,0
53,91629,73,13964,5129,24,1
68,75856,81,7772,3245,6,1
43,69252,83,10481,7523,16,0
46,75809,44,16737,8776,4,1
38,42259,68,18246,3139,21,1
28,40655,48,11677,5436,13,1
57,53005,57,3355,576,26,0
28,51629,75,10157,6973,23,1
53,43610,22,3395,4004,25,0
66,77184,4,1524,2924,12,0
56,41602,81,1561,6984,23,0
57,105945,72,9167,5796,28,1
52,31110,46,17184,7067,11,1
51,26073,59,5664,6586,13,1
64,120846,34,2205,2721,24,0
41,100818,11,13039,905,8,0
39,30195,31,13393,2629,3,0
22,21537,11,3238,7334,21,0
50,37138,56,18544,897,18,0
53,64328,38,13987,3973,0,0
64,145138,21,6239,5489,28,0
37,66202,94,13017,4426,12,0
36,60164,10,17455,2444,5,1
52,146545,26,18138,9129,0,1
69,109743,91,10096,5891,24,1
60,74659,8,15814,5899,26,1
34,106155,8,14291,722,21,0
62,69692,60,3621,2110,16,1
60,140198,72,4190,8330,26,0
51,44845,34,4948,5104,28,1
26,109846,16,2287,4500,2,0
43,123435,13,15590,3164,16,1
19,50562,87,16668,1565,1,1
26,48036,76,2772,5864,21,1
26,80752,91,7200,9968,6,0
57,94233,22,16762,5893,0,1
34,103049,96,4138,7602,25,1
18,128575,27,8213,8001,20,1
42,88681,64,15941,1103,21,1
60,47818,2,3416,5630,14,1
57,50544,97,16964,6795,3,0
59,82532,26,18968,8880,5,0
42,98636,92,2046,7603,20,1
56,77705,83,15909,9367,12,0
52,40104,69,14578,1137,28,1
20,144336,97,19549,2344,26,1
67,147904,84,6719,546,22,1
54,89603,30,16960,1319,12,1
61,122499,8,18560,4307,19,0
61,79025,38,16598,3522,0,1
68,116264,61,16624,1580,1,1
47,52317,81,7411,3646,5,0
55,51416,65,9074,1777,29,1
51,62012,67,11352,7241,28,1
29,125585,46,16003,2717,25,0
36,88045,90,10223,5765,28,0
54,41400,95,13718,3386,10,1
61,68270,72,2315,6134,17,1
66,92069,43,18276,9487,12,1
34,139415,59,9936,3828,20,0
27,69833,46,14767,7793,11,1
66,83644,72,7466,3506,19,1
64,100206,35,16185,7458,6,1
29,89468,39,6090,8472,19,1
33,132899,92,5240,4643,6,0
41,79473,51,17795,6017,26,0
36,65809,4,15910,1718,23,1
25,58328,80,3446,8518,6,0
48,56784,77,4346,9416,1,1
38,43723,84,13411,1844,10,0
34,80646,51,17469,637,0,0
40,86255,5,8749,4950,20,0
54,20074,55,5142,5406,28,1
33,144173,20,17070,3259,12,1
23,46498,24,15187,558,11,0
25,85522,36,8087,1270,12,1
42,116881,34,16635,888,6,0
35,40541,54,16807,3922,11,1
42,65929,34,11197,7512,16,0
29,143199,83,13271,5352,26,0
32,120453,17,18187,1095,7,1
43,46028,5,15724,9127,2,1
58,49545,89,10261,2482,6,0
62,99569,18,14479,9465,18,1
43,51673,55,16804,8709,19,0
64,50974,53,13333,4830,7,0
49,78899,50,13827,5929,13,1
27,43097,72,10600,2192,13,1
33,122511,91,12932,3270,1,1
24,113144,79,17648,4876,5,1
34,84824,45,13040,5426,15,0
40,43525,13,17127,3767,25,0
43,77804,16,13473,9830,8,0
38,35043,86,17709,8064,25,1
39,61846,84,2206,2195,24,1
24,97261,13,10696,2086,20,0
31,122240,20,14714,5180,14,1
32,127611,66,2440,5947,18,1
24,70227,99,10147,5960,14,1
26,73028,47,17267,8465,21,0
68,57383,19,9746,2768,11,0
65,49483,45,6136,7749,8,1
25,27265,37,12446,7961,15,0
67,42763,54,13331,3986,5,0
40,95652,6,14188,6301,19,0
46,35733,14,6819,3249,27,0
35,132196,4,9069,8285,26,0
48,111038,86,13769,7475,14,1
47,57420,55,19420,1905,12,0
69,141480,34,6560,4075,20,1
56,128777,27,13853,3227,22,1
52,29247,7,11459,6987,9,0
35,43840,3,4629,6791,13,0
59,85149,47,12657,3001,28,0
56,41058,97,6314,1437,2,0
34,135229,2,19840,2255,29,1
31,54929,80,9662,3890,11,1
48,104171,25,18754,6316,24,1
41,111164,60,8629,1716,0,0
52,51362,79,12324,1703,23,1
61,106489,24,18558,2390,20,1
62,104664,15,17494,9082,15,0
51,67356,95,7692,8188,9,0
20,97597,14,10218,7000,8,0
54,147880,54,12746,7216,17,1
60,26041,78,16372,4246,0,0
57,98209,6,13631,8790,9,1
43,147037,78,2472,2695,6,0
40,81954,81,15599,5165,9,1
61,81869,18,5872,9693,11,1
56,41059,20,11573,7849,10,0
32,119864,62,14691,4898,8,1
66,64722,81,12482,4129,29,0
21,37548,80,5753,8266,4,0
46,35078,40,2833,6647,26,0
39,25419,39,6928,1563,3,1
42,55490,52,9645,9330,19,1
30,96086,32,7816,9834,27,1
35,135158,73,18124,9243,12,0
50,78760,27,8256,3775,7,1
33,50337,52,19764,1476,15,1
62,21468,97,11549,4569,0,0
59,44309,63,16062,6902,16,0
61,86344,74,10635,845,14,0
19,110283,63,10940,5442,23,0
52,92255,17,3401,3442,14,0
59,147006,49,14111,7904,17,0
51,101899,81,12363,1576,25,0
47,48718,82,13432,9863,5,1
30,114337,23,19390,4270,1,0
30,128895,98,10978,6152,4,0
35,57841,72,18793,8924,18,0
49,93548,13,19146,8548,6,0
49,103565,23,1909,950,8,0
52,66660,57,1760,850,1,1
56,126553,62,6612,4504,6,0
63,70281,54,4240,5178,28,1
69,133451,20,1530,744,28,1
46,136041,86,10551,5145,23,0
66,20767,52,11219,5234,13,0
46,23895,23,17216,940,25,0
61,78026,35,3560,6415,23,1
33,138142,67,19561,911,22,0
61,62968,34,6103,1313,29,1
64,60097,33,18921,5178,14,1
27,35332,46,10465,2230,11,0
47,34621,81,3781,7143,19,0
42,96870,45,18330,2474,3,1
56,38174,19,6257,1049,25,1
37,144357,94,19895,2437,12,0
22,119189,87,3188,703,28,0
18,60502,15,7063,4088,8,1
47,56674,78,16615,7583,11,1
66,57260,66,1881,3036,9,0
20,62498,39,2847,6288,8,1
62,87609,18,7599,8798,20,0
31,69464,70,19359,4311,22,0
47,91805,59,5568,3201,6,0
67,84919,32,17314,8325,24,1
21,148564,21,8163,6474,11,1
35,74469,40,12156,4436,15,1
54,37194,92,12255,4590,14,0
42,46811,27,12320,9649,6,0
65,92377,2,3216,7456,7,0
18,145737,97,6701,9752,6,1
63,63723,80,19992,3046,10,0
32,120336,39,12780,4236,3,0
26,95235,86,11694,2172,27,0
32,131041,56,5809,901,17,1
66,96298,13,17562,9293,18,1
41,79238,56,15392,4813,6,1
21,148353,66,8771,6852,29,1
29,125433,78,2929,8979,26,1
54,137393,56,15306,587,26,1
54,127092,28,19932,7646,12,1
60,22147,64,15244,6779,8,0
23,118919,71,1111,2705,28,0
56,119251,82,12411,3467,29,0
63,58445,64,18098,4750,26,0
41,73803,56,12116,4034,17,1
28,147253,41,16707,8911,29,1
30,81108,41,18765,3738,6,0
51,126170,4,4127,9013,19,0
42,22013,57,14100,3238,15,1
24,105617,30,12203,5436,22,1
69,102410,88,2208,2336,27,1
21,73502,84,12317,3059,4,0
25,137116,46,1036,2068,6,1
37,57755,56,19212,5220,5,0
46,28733,31,12252,8457,28,1
68,29479,88,8006,9044,1,1
62,95361,7,16067,9720,27,0
63,41304,90,6347,7025,6,1
27,55694,77,1809,8435,20,0
60,144232,54,5118,9619,8,1
51,125586,8,18910,8721,12,1
43,101171,55,14083,8014,28,0
58,134151,69,17879,7565,26,1
66,106296,44,14187,7237,16,1
20,29490,13,1424,3040,16,1
23,41252,93,2982,4319,14,1
22,125290,20,18852,9186,17,1
22,26862,78,16918,8523,23,1
64,130463,32,16398,9564,14,1
40,89959,60,12992,1334,10,1
66,30450,50,2233,3824,24,1
26,76022,27,10989,1129,26,0
52,147898,25,15546,3486,26,1
37,81991,52,9756,8721,11,1
66,60927,68,4019,8579,22,1
59,120377,21,2304,8433,16,0
52,108090,18,15144,4282,11,0
67,69853,39,17516,9498,6,0
35,51826,15,17832,6985,28,0
34,62879,53,11022,5906,23,0
41,77265,38,11350,3968,6,0
20,92361,48,12818,7644,28,1
49,128956,52,1849,8912,27,0
52,97990,88,4962,5775,20,1
55,109787,72,5854,6367,27,1
30,106184,28,2539,7016,22,1
64,60736,85,19283,5126,9,0
42,44530,16,3944,2762,15,1
26,98052,16,4244,2914,10,1
21,67058,35,14255,5740,15,0
31,126080,17,2591,9549,1,0
54,94094,73,16768,5622,24,1
51,94255,99,8855,5493,1,0
28,24886,52,19511,9464,17,0
58,146598,93,2601,2992,4,1
20,113721,82,13809,8711,13,1
45,138623,12,18606,9497,7,1
46,57387,83,6690,2675,5,1
26,41575,48,13521,2905,27,1
20,132260,22,2842,3863,8,1
42,128649,49,11483,7841,5,1
51,59643,52,9058,8400,20,1
29,30100,79,14704,9572,16,0
59,80356,1,6565,2105,7,0
26,27856,66,12088,3057,2,0
32,58169,64,5488,9135,11,0
57,48804,8,9906,2542,12,0
42,149557,86,2927,1278,17,1
22,55790,25,16512,3659,22,0
28,50988,66,9301,6895,10,0
51,129979,73,9457,2246,1,1
41,96448,73,6492,6474,13,0
32,58506,77,4223,5650,0,1
55,133430,70,1954,920,26,0
25,107904,94,10541,2608,14,0
22,87306,79,16007,5174,28,1
65,32305,51,2574,5845,17,0
43,29969,53,16674,4496,21,0
35,32404,15,16426,6582,17,0
23,28989,50,8095,4410,16,1
54,85305,71,13023,3126,0,1
65,55983,75,4255,990,13,1
30,130284,38,2058,9987,19,1
45,59462,40,2957,6432,23,1
22,39360,66,5944,3871,21,0
30,105657,39,6058,4564,15,0
34,46287,74,3519,6337,3,1
67,85472,17,12845,5489,21,1
57,135440,7,3570,6471,5,0
62,128965,39,8450,3880,24,1
49,81313,68,8703,6189,15,0
46,54160,35,16898,9103,19,1
68,26789,51,15389,7973,5,1
20,47181,47,16414,2176,14,0
57,34385,36,1744,8290,25,0
51,102597,64,4514,5782,0,1
57,85641,95,11871,3211,6,1
44,64247,89,14536,9931,22,0
30,106673,13,1175,1102,10,0
62,120250,18,17949,2437,0,1
50,25544,21,4217,8621,7,0
23,135783,65,16106,8717,13,1
41,33275,8,14696,7312,4,1
36,125289,48,10586,1567,12,1
33,83248,85,6802,5752,14,1
57,54550,43,8034,6363,8,1
45,73693,53,17263,879,7,1
50,148924,85,10412,9976,18,1
65,39641,27,18331,6002,16,0
58,91749,19,9776,3682,18,0
30,144877,23,12054,4247,29,1
60,100021,50,10812,5696,17,0
62,35605,51,12399,5632,17,1
42,123173,43,15963,6540,26,1
59,70713,99,11768,4620,3,0
53,40390,51,1531,9237,1,0
44,95403,69,18615,5759,23,1
55,78466,41,19081,8966,4,0
24,23981,72,18929,3422,16,1
22,29493,11,12357,3887,21,0
60,91218,80,2437,5942,27,1
62,91318,88,6502,6052,6,1
68,135631,85,8608,4513,28,1
48,139238,52,6566,5867,15,0
40,115335,23,9808,8802,0,1
59,127441,49,5014,7459,28,1
27,36984,38,19640,6790,11,0
49,145580,47,14613,1051,18,0
60,131316,72,8399,633,8,1
47,42760,7,1931,7107,15,0
56,111529,66,19713,7099,28,1
48,21524,94,17777,5624,29,1
35,138454,77,3465,1560,6,1
53,69402,62,16623,7884,29,0
19,111656,87,15008,2686,28,0
31,85614,29,9817,3165,14,0
30,55891,38,6988,3670,11,1
46,111009,84,8509,3146,3,1
29,59832,33,13849,1095,5,1
56,65836,29,12071,4606,5,0
19,93953,79,15081,6317,14,0
49,33362,23,14228,3921,27,1
30,86745,3,12614,2778,2,0
63,57921,93,11301,1664,1,0
44,90434,45,3781,1117,4,0
66,147717,8,11083,950,7,0
58,38562,86,12374,7872,18,1
34,84510,29,2639,2392,20,1
57,96407,2,14838,6028,29,1
48,27610,50,9973,2954,15,0
51,129381,65,14982,4308,18,0
41,112918,20,13884,9976,29,0
62,35791,52,11248,2257,22,1
52,78047,85,11515,722,15,0
65,120848,37,3274,7453,5,1
23,123826,72,11830,7536,21,1
36,87906,27,3480,9592,0,1
47,39665,47,7799,2865,17,0
24,90246,99,9547,2109,21,1
27,85864,6,15328,7721,7,1
58,66451,60,13679,1723,4,0
49,123883,45,14928,2407,11,1
51,106148,44,11659,6310,17,0
45,65890,83,7104,6948,4,1
32,26794,18,17547,8466,24,0
47,52888,65,13925,9960,21,1
54,26749,25,4381,5437,28,1
46,66531,27,3064,6248,12,1
39,135652,7,7589,1731,20,0
21,40608,44,8447,1237,25,0
37,100986,29,1339,4936,21,0
49,89211,95,6130,3479,28,1
53,140382,44,8733,1029,11,0
67,103996,36,14110,7641,15,0
21,76017,19,6049,4918,13,0
44,123947,6,11318,9896,10,0
34,77676,25,13633,2486,27,1
29,31560,31,16608,846,8,1
39,74401,9,1638,6325,22,1
34,70468,84,8709,1715,9,1
27,135884,74,6143,8545,15,1
18,52463,37,2224,6298,18,1
39,51663,27,15466,744,9,0
43,133687,13,16279,7558,25,1
35,88706,41,13102,632,20,0
67,78773,66,5245,1870,3,1
31,53123,85,10741,1587,26,0
64,114346,97,8407,4502,20,1
46,29718,24,15790,8810,7,1
29,146777,44,16642,3403,10,1
53,82637,98,10567,7322,29,1
52,20028,60,9859,1394,5,0
69,82370,9,6768,1765,3,0
29,67599,2,19758,6923,20,1
24,37397,56,18399,862,26,1
46,129198,30,1335,7664,22,0
28,127323,22,13953,9005,29,1
50,65406,75,16330,6132,23,1
23,67657,81,17464,2206,4,0
64,87560,13,3134,7834,17,0
32,143178,71,17641,7413,21,0
49,124143,16,1184,2893,24,0
68,144745,97,17506,8626,2,1
28,146896,45,9056,4194,6,1
40,33503,65,8263,1489,23,1
43,74943,11,14191,4180,21,1
51,95839,70,4514,9596,11,0
63,102674,20,7077,6910,2,1
51,45345,99,18778,3897,16,1
46,138423,63,3352,4497,2,0
21,70390,90,16716,1410,10,1
34,115041,12,10500,7086,5,0
52,79557,62,15992,6481,10,0
30,85054,94,11133,2623,3,0
58,21906,92,7405,2351,16,0
56,60167,91,17874,6956,21,0
32,27961,42,18438,2115,0,1
46,46140,83,18085,9897,11,1
46,144098,69,3934,4526,23,1
28,139289,58,15347,7369,2,0
69,78701,5,14502,2946,15,0
49,97567,27,14711,3812,2,1
19,100664,28,14848,8514,13,0
64,101199,26,15426,7357,16,0
31,149856,91,5695,5519,18,0
37,119764,49,17203,3716,6,1
39,101218,21,16860,5975,25,0
28,142357,1,15097,4169,23,0
44,100729,92,15636,3024,10,0
20,48561,58,9843,7998,15,1
34,70568,79,17800,2461,23,0
61,129349,55,16573,6803,18,1
45,93302,81,6566,5125,4,0
46,115380,26,6999,8792,0,0
38,114968,84,4866,3948,24,1
64,49504,25,9937,3744,23,1
33,136116,77,3002,6547,9,1
54,57146,33,17623,5174,17,0
37,60297,89,19328,1714,9,1
23,106394,72,10047,8106,0,1
36,147173,69,16925,4126,28,1
22,145942,6,13707,9481,12,0
20,88607,23,11790,8375,3,1
18,36939,30,16301,6768,24,0
55,110467,78,16596,7312,11,0
32,70715,54,2353,5979,23,0
51,64460,87,11227,9194,15,1
52,86576,11,16828,672,18,1
66,88222,31,18063,1386,25,1
42,32666,6,9678,6763,11,1
41,82119,11,13910,4868,5,0
29,55321,77,7864,7556,15,1
35,21779,12,15716,5453,11,1
32,33186,66,18868,760,24,0
61,36459,53,16150,3852,25,1
33,106246,99,18074,1852,23,0
44,107755,36,7125,5743,9,0
25,25057,17,10204,3506,4,1
63,80663,28,3347,1322,27,0
42,38733,92,15743,1031,28,0
34,39157,22,4708,3320,27,0
46,55030,7,11114,666,24,1
25,39613,15,1637,5426,24,1
32,128612,96,6866,1555,18,1
44,135080,11,4008,1754,11,0
63,103028,24,17251,4786,7,1
67,106282,67,6600,8509,3,1
69,25188,30,12649,4507,25,0
24,127106,70,12366,8258,6,1
20,148346,66,12880,9664,25,1
46,49680,61,18783,8389,23,0
61,123361,78,18889,5244,22,1
41,80119,41,9441,8797,4,0
20,122302,82,6320,4787,10,1
37,94400,51,9727,1502,16,1
63,75718,44,12724,584,27,1
32,56445,95,7443,3495,23,0
42,25796,13,14394,5656,20,1
47,67218,90,7952,7694,2,1
31,59131,12,9649,6283,1,0
24,28123,82,4369,6195,18,1
34,28222,9,8983,653,28,0
61,44074,85,12888,6914,24,1
37,131958,48,6635,7184,1,1
53,136088,49,5069,2519,13,1
26,49825,53,7251,9789,25,1
55,56839,56,12579,1070,0,1
65,127112,40,6737,8422,15,1
39,147514,24,10439,8840,14,0
19,88322,98,3573,6653,17,1
41,76321,72,1125,3191,28,0
25,119174,33,10421,8169,1,1
28,122500,23,12403,6007,27,0
30,130100,77,2306,5369,10,0
34,45988,54,3101,6349,20,0
25,55507,53,15681,6467,16,1
38,119244,49,1135,4155,12,1
35,118644,78,8311,7171,11,0
47,145788,78,18843,6169,25,0
35,115251,80,1812,2992,23,0
63,43806,49,11130,9798,1,0
64,56901,60,18254,7012,21,0
48,37043,90,16227,9274,20,0
55,95761,90,14760,4850,17,1
49,29752,65,9826,7099,9,1
28,88993,32,14939,5156,11,0
62,62616,79,1668,9011,16,1
42,72127,21,18677,4815,21,0
50,94777,18,9460,5294,13,0
55,20453,94,9673,1937,21,1
58,95432,60,4390,531,18,0
25,142872,13,10453,1214,12,1
28,107362,24,16904,8455,23,0
39,30976,30,16396,9731,24,0
68,134176,2,5334,908,2,1
41,119122,83,17285,7846,24,1
58,90404,25,3235,8538,7,1
34,101932,50,6019,8240,4,0
29,117170,14,19961,8164,21,1
63,97707,6,1675,5531,27,0
49,109647,76,19823,1627,27,0
32,53688,84,10873,5936,11,1
33,106840,87,6587,9398,0,0
39,137106,30,6945,1282,20,1
45,127810,30,5767,5800,25,1
37,124779,38,8004,2679,15,0
50,113789,58,8728,7306,25,0
27,116516,94,7609,1678,11,1
57,22017,41,8131,2906,22,1
49,27957,94,18696,3307,16,0
67,134534,57,5099,3264,25,1
50,127724,36,19038,3224,8,0
19,24792,64,16859,3035,12,0
50,75982,98,16582,8904,22,1
50,33237,16,18669,5361,3,0
58,71586,88,12639,6800,26,1
30,101787,78,6180,8356,3,1
47,39252,90,18763,3646,26,0
50,30707,72,17192,7078,14,0
30,54206,14,18029,1701,9,0
69,114276,31,6412,3389,22,1
43,23543,66,5652,1144,5,1
39,64135,68,7834,6451,2,1
56,136469,65,5451,4722,29,1
19,133824,55,8084,4820,24,1
55,124647,84,13862,3588,14,1
56,55031,78,15692,9188,5,0
43,62929,40,17748,9164,10,0
63,85747,25,3655,3882,1,0
67,77851,25,8433,8425,25,1
32,75311,3,2314,1660,27,0
51,132113,69,15902,4812,1,1
59,125331,26,6272,8887,0,0
61,85867,40,1218,2748,10,0
66,108780,38,5703,4961,4,0
57,77196,38,16994,3266,25,0
28,93705,68,2539,2051,5,1
20,77894,7,14145,2947,2,1
23,107640,94,18986,6144,19,0
26,127437,30,6064,4809,4,0
23,34591,19,14788,7996,19,1
26,117247,35,18489,8810,8,1
56,68893,33,12603,3996,27,0
48,20727,33,3488,2216,18,0
49,41359,78,19802,5437,4,0
58,63822,38,17411,3414,22,0
67,121547,10,9207,2172,11,0
29,135336,57,13770,9894,11,0
25,123399,28,8977,1955,15,1
25,132113,78,5661,7045,6,1
67,108534,38,5549,7526,13,1
45,30929,16,16029,4478,21,1
37,148588,21,5973,2971,8,0
64,80091,92,9436,8809,14,1
24,100378,97,11086,867,22,1
28,43519,6,18740,3676,10,1
37,37393,41,7964,3874,3,0
33,54318,15,15842,7273,10,0
21,94531,3,2745,4312,25,0
23,114192,43,13697,6791,8,1
39,67934,47,4879,6485,5,1
43,125796,99,19499,2697,16,0
20,130805,14,3267,5411,8,0
58,101103,66,19651,1400,26,1
59,48840,29,10688,692,22,0
31,138089,4,16065,3270,5,0
28,109367,26,11988,5680,5,1
35,33265,12,5481,1450,3,1
29,25424,2,1929,7179,19,1
40,40625,17,8773,4106,10,0
29,99622,35,4324,5538,2,1
30,49187,10,5587,757,23,1
42,55929,86,1356,1721,23,0
62,81892,43,16787,1150,17,0
68,40539,21,6499,2925,15,0
36,76630,15,4841,9614,20,1
63,110639,35,13122,3659,15,1
53,113410,85,14409,897,28,0
62,29215,85,8059,5801,24,1
25,59385,85,1665,5902,11,1
46,107580,60,11220,8200,13,1
49,97462,44,11774,1060,8,1
68,133396,96,1553,8881,6,0
61,117037,5,14860,8896,13,1
35,115310,73,8045,5599,19,1
23,45008,18,10380,3871,19,1
35,68928,21,1149,3541,9,0
36,103096,72,17373,7344,10,1
39,109876,98,14343,5898,6,1
54,44976,74,3853,1212,18,1
49,133942,51,11128,3956,18,0
58,144984,41,13580,7447,20,1
20,47626,24,16254,4906,10,0
45,118256,24,3736,8149,28,1
27,120537,96,1956,4377,5,0
68,79789,97,12440,4022,7,0
52,24700,38,6180,6151,0,1
46,129331,44,9607,4612,22,1
32,83645,57,12646,5065,7,0
50,140594,59,15342,5406,4,0
24,93396,34,6013,5923,27,1
29,27526,75,1084,9246,9,1
66,123863,95,2935,5477,1,1
47,59500,82,10608,3178,3,1
38,88049,23,10262,9275,21,1
48,93366,86,12604,5441,24,1
41,100317,43,10713,7829,1,1
37,79117,82,18885,1341,14,0
54,76096,40,3473,4538,19,0
21,27910,47,1735,2304,9,1
45,101383,41,3838,9421,20,1
61,91185,47,3562,4849,29,1
37,70248,20,14440,5446,23,0
41,94656,77,4906,7618,23,0
67,21951,65,2272,7157,1,1
66,85212,68,5836,2072,5,1
68,95701,24,2862,6740,21,0
49,99888,36,5226,5466,28,0
58,95282,45,13610,756,13,0
53,129274,2,10014,627,4,1
51,114533,28,17926,7367,23,1
53,61954,26,7209,8354,25,0
19,109719,23,11270,2705,1,1
32,28804,79,18268,9013,13,1
51,112705,36,4649,4879,12,1
53,20595,91,15126,8567,1,0
23,49592,6,17073,6777,29,0
56,60643,35,4666,4824,22,0
59,143721,38,14357,8810,8,1
68,82665,35,16448,7581,2,1
68,40823,74,10913,2871,14,0
29,25972,94,9566,5516,22,1
20,35882,53,16605,6802,2,0
62,86394,38,1557,6882,11,1
35,91055,93,10472,7039,5,1
57,43769,59,12615,6952,18,1
38,45020,43,7040,6892,16,1
32,62748,4,14884,5296,5,1
50,122621,5,2128,2941,26,0
52,105374,68,18744,1517,18,0
43,64912,45,10292,5001,16,1
25,32879,80,6349,3547,15,0
53,53798,25,13319,6294,20,1
65,127791,78,10823,4750,7,1
47,109826,11,1057,6447,23,1
40,66073,29,9503,8885,23,0
59,95791,34,11193,7891,18,1
61,86983,86,6493,2946,7,1
31,63005,14,4877,7623,19,0
31,114731,24,3282,1899,14,1
19,22850,59,12375,6795,7,0
54,48400,39,2431,4187,2,0
22,144948,26,13526,8364,15,0
55,31953,43,2775,6627,2,0
62,126410,36,12351,1052,0,0
58,145155,39,15639,6043,7,0
64,43535,61,5385,9421,23,0
31,95536,16,16203,3060,8,1
56,95039,59,4974,5608,21,1
42,141640,96,6905,4766,11,1
37,101029,6,5465,5445,17,1
19,24055,98,7945,9485,16,1
56,58170,56,12058,6184,7,1
23,145331,8,13636,8816,25,1
34,117944,94,3302,8866,19,1
42,127585,27,5966,3051,10,0
45,119976,71,14447,4348,29,1
19,48251,27,19426,3956,26,1
52,24532,89,15162,3258,6,0
54,24924,46,17058,4255,13,0
22,68037,41,9714,4142,9,0
18,98082,79,11899,8619,14,1
57,112115,25,3998,2160,11,0
29,91621,86,1909,8729,19,0
53,97926,18,13729,6086,16,0
62,98816,12,2880,4076,7,0
40,109654,87,13497,6958,25,1
64,90400,51,19944,6625,13,0
48,127620,39,8527,3423,24,1
28,119525,89,6696,3208,25,0
27,121164,10,4072,4671,14,0
20,112385,94,13018,8922,24,0
31,113102,74,5476,3250,24,1
33,30702,98,12067,7976,27,0
27,126732,77,5489,8431,27,1
46,35385,54,17219,3304,26,0
27,29336,29,15367,5944,10,1
29,85421,41,7855,1341,11,1
47,51225,9,4097,6075,19,0
58,56021,63,12817,8010,15,0
18,23782,77,2084,6905,24,0
22,108877,37,1552,4034,26,1
37,135454,14,2153,8357,19,0
25,137369,73,19629,1107,17,1
60,109630,72,19070,7894,9,1
29,69111,39,18077,5118,18,1
18,109402,40,9689,4460,17,1
37,139774,54,14483,4757,29,1
45,142652,3,16034,6112,0,1
60,104585,55,13159,701,26,1
54,62719,33,1805,7059,21,0
64,116528,96,1920,5631,3,0
54,69037,71,14162,1864,22,1
29,100103,19,2443,1251,6,0
54,129987,34,8048,8045,29,0
66,145695,78,14707,5844,25,1
66,23513,50,18929,1705,0,0
61,135183,47,2210,4387,27,1
45,33335,46,17004,1830,28,1
64,64140,56,11272,9122,24,0
32,124126,57,7212,8019,7,1
23,100373,83,11340,5183,25,1
61,97658,51,10700,2774,16,0
37,54840,54,18297,8023,28,0
67,51007,90,9581,3865,7,1
31,76947,81,14045,1763,4,0
19,126833,28,3570,4736,0,1
26,138637,19,3779,4799,14,0
54,140721,27,19360,4233,3,0
37,113220,48,12628,2165,6,0
43,46393,19,18178,1360,13,1
46,77480,97,2722,1344,11,0
18,137243,51,14885,636,20,1
52,108290,7,18282,6247,26,1
23,106335,29,1102,6994,2,1
54,124263,43,14262,6286,27,0
22,29107,69,8453,9845,26,0
50,148181,94,10639,9670,19,1
66,25993,58,13406,9260,17,1
68,116341,8,19416,6700,7,0
31,113650,42,13224,8825,27,0
29,123325,76,7172,2561,1,0
59,144980,42,12252,4878,29,0
37,137595,13,18918,4230,28,1
67,72066,26,8197,8818,26,1
41,131850,18,14677,6622,5,0
60,62942,42,12039,2295,29,1
51,36138,51,5570,4813,6,0
42,138558,84,7706,8687,6,0
67,147408,16,12655,5340,12,0
46,64527,3,1434,4226,0,0
56,29190,91,16139,759,7,1
48,112259,79,10449,1741,24,1
64,139773,98,10122,2343,29,1
60,98422,45,14603,6277,29,0
67,75698,22,11991,2780,22,1
40,102315,23,14859,9647,12,0
61,113710,59,16571,8296,23,1
55,49086,62,7461,5067,19,0
37,37322,68,6996,9800,27,1
40,128132,54,5852,9072,23,0
62,145604,57,3512,1755,18,1
69,120814,23,16446,6962,28,1
33,139324,60,2263,2158,16,1
67,103569,73,3747,3148,12,1
59,105610,88,16416,3871,28,1
25,148921,85,8280,3929,15,1
67,23435,55,11974,5360,23,1
38,121505,80,18477,8120,14,0
18,73331,63,11978,3432,10,0
25,48942,56,12007,5586,11,0
46,79635,55,4763,7149,21,1
49,49059,25,13227,8619,24,1
55,77557,26,14031,5483,2,0
22,133457,49,11515,3021,23,1
64,72389,63,1232,3202,24,0
39,73014,45,19485,518,8,1
64,52826,73,13544,3069,27,0
51,50297,79,3028,1283,13,1
18,63890,39,19313,914,29,1
43,41322,97,17022,9055,6,1
60,55739,65,10650,1603,27,1
27,29719,69,19361,5391,10,1
47,99553,56,3413,5809,9,1
67,28314,9,9026,1671,2,0
35,113831,70,6418,9134,18,0
34,95164,28,10952,6908,1,0
43,127658,45,4597,5245,16,1
25,97028,26,18762,5061,28,0
64,56113,28,1620,8672,1,1
57,137174,40,1929,7136,20,0
66,35357,15,16455,3089,15,0
29,118865,6,15905,6222,16,0
44,40365,27,1974,1222,9,1
25,59029,38,13679,1341,3,1
42,21737,68,19073,2847,10,0
63,94632,75,5671,1145,25,1
21,105474,85,14599,8715,25,0
50,98218,64,13810,3772,16,1
18,144606,30,9917,506,27,0
36,47499,82,9353,4201,25,1
48,130027,99,8784,9963,23,0
33,130402,3,15225,6130,11,1
31,148692,62,1658,3056,20,1
65,127430,12,3897,3454,9,0
22,66157,91,13291,7887,15,1
58,76247,30,19926,7288,3,1
43,148411,85,14572,9753,2,1
45,61034,38,4205,5161,8,1
19,20294,85,5044,4301,5,1
67,118072,60,4433,6133,11,1
23,44596,38,7711,7913,0,1
26,118185,15,8384,1663,13,1
50,31434,18,18261,1781,23,1
58,78382,52,18475,8687,9,0
42,58098,29,4059,9900,17,1
65,24655,60,16915,802,12,1
30,103029,21,8513,9447,8,0
26,66228,17,14865,4759,26,1
30,23771,18,2674,6263,22,1
48,94099,57,10800,9918,18,1
58,140811,37,14978,8680,3,1
28,76799,60,17697,8075,2,0
21,82257,38,17767,9925,5,1
51,37558,12,6884,6478,8,1
55,119468,75,19196,9589,9,0
63,78436,84,19708,6590,8,0
21,127779,73,14383,8654,16,0
55,144891,1,6248,8683,9,1
36,143725,58,4429,6180,5,0
23,112103,3,17611,7011,15,1
51,143400,63,11256,3862,16,0
35,52376,21,9203,2512,10,0
30,139154,23,8765,1600,19,1
58,107458,9,2522,9507,6,0
40,97924,83,1691,5604,3,1
36,49332,55,2739,6115,24,0
62,66737,19,2525,5002,29,0
28,109031,62,17453,8123,9,1
18,93970,87,7251,5087,20,1
41,71952,91,11440,9724,13,0
24,40991,91,14860,6537,24,1
42,47472,39,8649,1655,16,0
38,79946,76,2287,9792,28,1
32,125566,27,14193,1496,27,0
18,46849,46,9767,5709,13,1
29,21541,34,16913,3045,19,0
24,149237,33,16629,4200,22,0
32,22765,92,5954,7265,12,0
38,63074,95,1744,5484,1,0
36,122795,96,11719,853,8,1
46,49283,50,13402,2818,2,1
42,121387,20,5576,9430,3,1
50,140044,40,10216,3019,11,0
66,120161,99,17363,5927,29,0
49,20769,95,18325,5103,14,0
66,37806,58,6050,8746,19,1
52,110518,31,14948,2584,7,1
61,22972,38,18151,1399,17,1
55,38256,86,3438,9215,4,1
43,123903,45,11382,962,1,0
28,145574,41,15663,2001,27,0
52,38653,9,15069,1215,21,0
25,123579,9,9819,5830,8,0
63,106669,63,17760,7674,27,1
31,59339,79,13078,4111,24,0
27,45757,77,17473,9680,13,1
19,123376,22,12047,711,0,1
63,62399,16,10257,7856,19,0
26,64013,32,14805,1253,3,1
20,117605,66,17212,4250,16,1
38,34706,90,11296,3722,9,0
43,58231,14,15570,935,1,1
25,47909,38,3655,9927,5,0
65,125754,98,15727,9470,25,1
19,145777,8,18899,5429,18,1
23,96631,21,4017,2460,8,1
45,77572,56,15142,4772,18,1
46,105879,46,8343,6313,18,1
43,83767,43,13339,2224,8,0
42,46469,92,2573,8877,2,1
29,21313,46,6597,1994,5,1
22,27847,48,4926,2479,5,1
51,70222,70,11244,5928,16,1
65,94702,84,4796,4553,12,0
54,29930,31,9823,8937,12,1
32,23285,33,11053,7660,6,1
61,143637,44,18616,9075,8,1
53,55863,71,19648,7709,24,0
32,36704,8,19431,784,24,1
60,38705,73,1535,5583,17,1
65,20555,2,16701,4494,0,1
40,41323,17,8884,8991,21,0
23,90968,52,12725,1400,21,1
63,86922,45,7881,1959,19,1
67,73915,37,14017,3421,12,1
61,129543,42,10467,3033,7,0
60,30619,44,4073,7079,20,1
62,92390,81,16963,1305,22,1
38,148918,38,2025,8095,8,1
40,128500,99,3051,2728,28,1
60,134337,94,4621,2421,0,0
33,79274,6,15405,5472,8,0
64,93173,68,5403,2887,28,0
32,41225,51,4323,2496,28,1
42,131266,35,6017,5325,19,0
53,46739,58,7435,5782,22,1
28,67708,57,16492,3003,10,1
68,148041,73,14170,604,19,1
32,73019,6,6816,7362,3,0
21,96154,13,5604,9130,28,0
38,122097,59,4424,2021,15,1
30,27373,86,15628,1851,13,1
39,55281,92,12861,3198,19,0
36,40187,30,13501,4112,21,0
51,87863,2,3812,1008,20,1
31,117927,58,1044,5810,17,0
21,127113,36,18017,6690,24,1
65,104085,72,10402,1774,26,0
69,137996,45,9785,3322,21,0
63,59220,9,15581,563,25,0
44,142755,65,2926,4421,21,1
46,27642,77,1856,1359,8,1
64,99971,50,6988,2047,0,1
45,75556,79,9743,2576,22,1
52,53760,32,5138,936,2,0
25,58192,98,12080,6585,19,1
33,144257,43,17082,4157,0,0
59,24381,95,15870,1262,2,1
53,116583,78,1606,1235,13,1
47,39558,54,9863,7714,29,1
35,50782,47,6022,8084,13,0
19,24782,14,17400,4594,22,0
66,111417,48,6149,7094,29,0
30,74712,55,6311,5228,21,1
21,125764,29,3484,4229,12,1
43,114945,47,16012,7741,0,0
42,39462,63,16833,1576,14,0
47,80030,19,12041,2330,24,0
28,88519,91,4807,1173,19,0
24,76411,9,4173,1048,6,1
48,75206,37,18857,9628,15,1
61,117469,92,15212,1395,19,1
27,66950,52,11199,3069,22,1
56,22523,57,3412,1413,20,1
30,80926,88,17093,1676,0,0
48,29677,28,19535,7773,14,0
24,95828,36,4182,7196,19,1
66,35089,64,2014,5365,14,0
59,24581,18,18988,4806,18,1
59,31907,89,18253,3773,5,1
53,25609,35,7913,7076,5,0
37,71153,68,3727,2022,0,0
21,70539,78,3852,6925,29,1
24,64143,39,10077,7977,29,1
18,42936,90,19992,3302,15,0
61,70182,8,2273,3622,26,0
62,128261,88,8649,2956,17,1
59,131259,80,2955,2149,12,0
64,119524,84,9778,2820,11,1
30,115042,15,5549,1643,17,1
39,33163,7,16863,8737,27,0
38,146686,17,12809,3814,9,0
39,79758,86,9302,4906,13,1
45,66057,86,9100,3109,19,0
26,32537,64,3911,8091,28,0
43,42419,12,13091,3619,24,0
26,62578,82,10099,1900,10,0
32,94991,56,6663,8699,17,0
27,141211,46,12881,9675,26,1
41,142762,47,15368,4097,23,0
59,94599,79,17938,5989,26,0
25,20834,16,9298,4011,11,0
41,52214,69,4336,4328,16,1
33,112934,2,7369,1065,27,1
66,143798,92,3534,8151,23,1
43,120028,54,3226,9592,2,0
44,141286,27,10585,3271,29,1
54,22413,31,1166,7277,20,0
21,29505,41,11902,613,0,0
67,140681,36,4624,1031,0,1
41,122802,47,19731,3910,5,1
36,22105,43,18788,9736,18,1
53,88104,65,10717,6339,23,1
56,148303,50,13601,8724,3,0
27,127634,93,14103,8824,21,1
42,134897,1,14030,2226,12,0
35,78408,72,3774,5570,25,1
36,57679,57,10017,8717,11,1
53,136908,16,11150,3148,24,1
27,134921,28,4739,9953,29,0
50,119096,86,15911,2565,7,1
67,99731,82,5464,1433,19,0
22,132205,22,13381,1550,25,0
64,85131,41,14746,9508,23,0
66,84280,76,5094,6530,6,0
52,35762,19,3930,7616,20,0
61,137798,89,1763,5543,6,0
51,136854,50,12552,9429,6,0
50,126830,59,4450,6967,13,0
38,78703,69,15102,4102,28,0
34,101434,34,2861,7378,25,1
39,83079,39,11806,1292,17,1
65,41577,74,14283,6463,22,1
54,21214,7,17493,1885,18,0
32,106339,52,13436,1560,23,0
52,68114,60,9890,8423,23,1
45,109234,52,16352,4638,24,1
24,83230,79,6529,1649,26,0
49,143163,24,16843,8193,19,1
28,52980,26,9299,7992,25,0
27,87194,90,9580,6827,18,1
26,97806,90,9616,3853,24,0
31,132333,10,19878,6469,24,0
30,57792,17,12157,5128,17,0
42,65807,78,11191,3948,5,0
19,144297,2,12767,5827,15,1
52,145266,77,18911,5549,2,0
24,42301,27,3026,568,20,0
38,25141,73,11958,4008,1,1
35,136482,71,2855,800,14,1
20,124292,48,16063,7297,19,1
59,142984,74,15915,3100,10,0
56,33777,9,18981,2653,18,0
58,58346,86,18232,5405,17,1
66,74703,23,6958,4518,21,1
28,114977,71,15705,3582,10,1
56,67819,73,11108,7574,2,0
41,48469,27,19302,1739,3,1
63,23845,88,6761,959,5,1
36,130186,93,1688,8482,11,0
21,43290,81,7306,3126,28,0
43,132551,84,6072,4263,27,0
55,50699,71,18739,7520,20,1
59,64252,43,19071,3301,3,0
49,118682,7,11909,963,28,0
56,23293,92,13713,1497,29,1
62,138017,83,13614,6141,11,0
63,139496,63,10321,6884,3,1
53,129934,84,7086,2178,1,1
57,77089,44,13731,1364,11,0
54,131964,39,14341,9882,12,1
50,36608,40,7667,8236,25,1
53,148713,7,13976,3197,28,1
20,86273,70,18374,9556,15,0
26,36619,25,13333,3426,3,1
25,98006,59,6290,8042,27,1
50,135399,13,14044,4929,7,0
23,107908,86,18760,7910,4,0
58,101653,81,14537,7718,29,1
56,34779,86,16669,7525,13,1
21,71040,98,17340,2897,14,0
30,114830,62,16955,2721,29,1
66,76325,8,3887,6314,10,0
19,135947,45,16794,7004,9,0
22,41630,18,15560,8022,9,0
61,125575,88,2340,6285,23,1
44,135436,60,12929,6719,5,0
49,32178,60,1094,4498,15,0
38,39935,2,13840,3303,27,0
25,67258,66,16756,5047,25,1
55,42784,91,9126,7010,20,1
25,83722,14,18881,9517,3,0
67,43027,48,11923,4161,25,0
20,116544,56,8053,551,8,1
61,77853,12,16172,6558,9,1
20,132167,96,11935,4015,29,1
39,87359,92,13467,3830,4,0
23,92388,55,12073,7991,9,1
19,98608,28,8691,2174,15,0
40,96669,89,14770,6528,10,0
61,35111,4,16688,1861,5,1
19,52312,90,1201,9478,6,0
55,149321,36,18882,1055,26,0
34,44161,50,14829,8292,11,1
52,138920,3,4086,2612,26,0
51,124823,1,12305,2710,12,0
40,145014,17,3590,2201,16,1
47,87313,71,8125,3212,8,0
69,70374,62,8860,6963,27,1
25,44014,48,6408,2816,7,1
39,100308,62,2948,6969,27,0
61,66389,69,4963,2110,26,0
53,130163,19,1693,4852,15,1
22,38161,34,6363,6843,20,1
30,127800,99,13125,5205,2,0
46,27490,49,12924,9819,4,0
48,139547,80,6887,5991,20,0
64,127197,47,11851,9596,24,1
33,44502,91,8734,8855,22,0
59,55757,50,10913,9828,12,0
47,61111,89,17191,5210,17,0
33,118273,26,6293,2525,20,0
29,103245,56,14845,605,15,1
34,78645,78,14820,4959,24,1
33,130218,14,3291,3592,13,0
29,79055,78,15395,9844,10,0
25,139815,25,13391,1198,28,1
37,28998,4,3698,9438,17,0
20,48906,79,12566,6571,7,1
33,121026,32,10202,6239,11,1
47,90192,82,15055,9652,18,1
62,70477,78,2041,3991,19,1
40,56901,65,18941,3797,1,0
45,111271,61,18591,3477,8,1
68,72021,20,10872,708,21,0
57,49092,74,4621,3816,8,0
22,21242,10,4352,5907,13,1
37,126843,88,19062,7733,14,1
57,21831,34,11937,2391,10,1
61,70721,61,15602,9868,28,0
18,48511,92,9972,4006,12,1
47,92782,27,1945,2539,23,1
38,117003,40,8973,3789,27,1
37,38302,65,15118,7145,24,0
23,75568,33,12290,5261,4,1
39,23232,68,17383,2117,5,1
35,122062,71,19974,8686,22,1
25,124301,9,11366,934,4,0
56,71507,16,2797,2146,0,1
49,144277,5,12248,7167,24,0
50,149999,98,3257,5758,17,0
33,96508,23,3197,7690,22,0
29,133672,43,9222,1940,27,0
55,120128,89,15152,6595,23,0
69,30683,57,3912,7375,7,1
51,43664,51,12004,4943,16,1
31,122364,13,9874,5360,25,0
53,140012,24,16416,9625,22,0
50,53172,11,7152,9838,24,0
40,103641,52,8172,8213,10,0
67,84340,17,4185,880,29,1
62,107236,37,10161,9516,29,1
19,31017,13,16765,7673,10,0
58,56613,62,18467,2137,2,0
38,106130,91,5862,8043,7,0
19,96920,84,4070,1024,7,1
44,50348,97,12940,3607,24,0
26,36448,96,9563,8642,23,1
18,29491,8,15931,1593,20,1
28,98648,56,17585,604,20,0
20,141070,93,17472,2239,2,1
69,116557,83,15772,3626,27,0
40,78759,70,15455,2176,21,1
43,64553,44,7299,8404,9,0
21,20968,60,11188,8527,18,0
35,20368,41,13686,5416,13,0
23,93960,21,15011,3434,17,0
52,55010,86,18938,5656,22,0
39,74154,42,13874,1542,25,0
60,55851,74,14441,2345,2,1
32,142761,74,1054,4001,28,1
39,45496,29,5031,2041,19,0
54,143568,80,10315,966,13,1
69,147152,65,2552,3444,10,0
59,50936,17,8795,4794,9,1
29,98858,30,6271,2091,23,1
64,87005,26,15665,4572,13,0
66,57493,53,1115,4072,0,0
59,89795,19,4613,9885,15,1
55,56390,53,7372,6478,24,1
35,30292,85,17130,793,29,1
62,112377,17,4837,9613,5,1
52,48365,46,4533,6358,17,1
47,37207,85,10610,1838,15,1
41,121735,53,12108,5709,18,0
59,42912,64,6831,3975,15,1
47,122455,45,2294,2998,4,0
31,122517,49,16663,9599,26,1
23,100771,19,8550,6228,11,0
20,76572,71,19459,7817,5,0
33,127293,81,14830,2993,24,0
24,119083,65,14031,3588,1,0
69,133655,37,12869,6781,15,1
31,129346,70,6817,7295,20,0
26,39276,26,19162,6127,22,0
32,117459,2,13867,4490,10,1
38,25534,59,13086,4251,11,1
52,112005,96,11690,7741,10,1
19,121610,5,17757,2597,22,0
44,55670,37,15770,3674,19,1
19,82147,31,15329,887,18,0
52,118099,76,11457,798,28,0
35,131695,99,11034,4934,7,0
31,56486,94,18957,4561,28,1
37,85557,48,18171,973,17,0
35,54268,6,2545,5557,4,0
27,127338,15,14359,5789,11,0
42,101335,15,14146,4608,9,1
19,46336,61,14498,9140,14,1
42,23641,16,14171,2721,4,0
50,107132,20,15202,5751,16,0
53,52959,77,5374,4111,22,0
48,33306,44,10849,3142,3,0
31,66182,42,17990,2420,25,1
18,94123,46,14336,7575,11,0
63,76326,95,3576,6494,17,1
33,116895,34,6051,2816,7,0
63,41498,64,17706,1774,19,0
69,90198,29,11068,5483,16,1
20,122630,3,17967,8334,7,0
52,127369,9,12001,4118,12,0
58,47197,75,9847,759,26,1
23,40719,75,5881,3706,22,0
42,110201,25,9414,5678,2,1
30,128775,86,19506,5858,2,1
51,45032,42,8699,5007,6,0
25,79624,46,17045,6958,17,1
38,98177,73,19604,8041,20,1
51,61964,84,6123,4008,6,0
21,50028,59,17211,7805,21,0
42,131030,21,4550,5494,25,0
32,74646,74,11634,8923,22,1
21,101187,22,13177,7254,1,0
62,28536,29,1166,9421,6,1
29,137399,63,9309,6016,1,0
49,76747,73,11001,6368,6,0
49,65712,61,3206,6299,13,0
45,26273,64,2250,3429,14,1
30,91820,69,5558,9009,15,1
48,145342,40,10863,2030,23,1
31,111228,75,3151,8413,25,0
37,94353,1,6077,9802,7,0
35,114491,65,16552,1215,15,0
46,112091,62,3297,8027,20,0
23,105914,54,10228,3812,6,0
49,70830,60,3614,7723,10,0
46,126718,46,2879,5692,23,0
60,37127,5,1620,7527,3,1
19,135150,22,9262,701,17,0
40,103488,90,19187,2640,22,0
36,31539,53,2925,9748,12,1
48,66761,70,18421,4171,16,0
68,66219,32,11553,9110,11,0
22,34692,11,10630,7870,17,1
36,103656,10,13003,3098,9,0
51,33334,39,9676,9317,6,1
27,48615,98,5898,2444,11,0
42,27903,31,15601,3429,11,1
19,48527,12,14136,3883,25,0
28,35629,80,15578,4040,12,1
67,141690,38,7121,893,0,0
48,78008,67,6789,7510,6,1
32,103276,66,17310,7277,15,0
26,119318,52,18734,9323,15,0
40,46708,5,14134,821,20,0
36,30860,11,7485,5169,15,1
26,37438,25,10980,2193,15,1
52,87300,35,4625,1563,13,0
38,149263,35,12512,8421,10,0
26,91545,22,9951,3611,18,1
45,40842,37,9117,3761,10,1
63,80213,86,9989,3586,1,1
68,62372,55,17915,4311,6,1
24,134316,75,12608,3851,8,1
33,118971,96,1598,7580,8,1
33,88906,99,8428,9650,13,0
50,58744,95,5904,4643,25,0
21,136082,72,3909,6832,9,0
21,77442,64,14551,6947,15,1
56,149070,20,18062,8363,23,1
57,105990,98,9922,3676,17,0
34,141670,4,3025,2916,0,0
54,126917,18,14220,8168,23,1
56,123903,51,14190,9151,1,0
69,23650,68,3766,2811,19,0
46,65117,20,19482,1729,27,1
69,111244,9,1391,2030,3,0
53,128198,80,11935,3297,1,0
55,72772,26,4784,1863,3,1
56,23190,25,19069,5002,22,1
67,68113,68,3914,952,5,1
54,28789,41,14243,4404,25,1
69,52125,59,13282,6496,21,0
52,118695,45,13965,1077,3,0
24,37459,41,12505,4419,17,1
44,55418,38,5951,7817,4,1
45,131904,19,8655,3764,10,1
39,67085,14,5610,2431,12,0
31,38768,21,18468,4742,2,0
24,69961,15,8583,8681,18,0
54,101099,3,18701,682,19,1
39,142735,37,7880,8927,10,1
22,47885,46,3349,1137,10,0
19,107421,16,8208,3505,20,0
44,81082,14,14720,3972,26,1
38,26895,9,7881,1024,1,1
55,70311,7,4722,6159,21,1
32,109494,14,16332,2870,14,1
38,87067,6,8224,9976,21,1
27,91017,85,14229,2135,7,1
40,43932,15,8802,4932,1,1
56,41360,52,12439,7967,7,1
22,74847,72,4134,4714,23,0
18,129178,34,3598,1079,19,0
30,110365,1,5052,8350,22,0
38,105468,96,13741,4441,14,1
43,146065,69,4824,8887,15,0
67,58931,94,4520,9024,12,0
62,75823,86,2249,3591,22,0
38,58032,20,16565,5218,16,1
35,135919,80,19458,9349,13,1
54,101426,7,19888,9395,28,1
62,38807,7,13997,6052,13,0
49,31767,50,3014,5478,0,0
53,28071,2,5944,1752,23,1
34,73413,47,1948,9215,26,0
52,46149,14,17490,2922,0,0
66,35540,31,11683,8727,2,1
28,121212,50,15012,9467,21,1
38,90248,61,5692,527,23,1
69,141443,41,4240,8039,14,1
43,111737,14,10762,585,4,1
21,130494,5,14731,7409,4,1
51,138571,75,19018,4781,3,1
69,105435,5,11130,5153,13,1
65,39787,64,18916,8533,19,1
35,40982,29,8608,8164,6,1
57,139696,75,13409,5566,21,1
52,42606,5,18824,756,23,1
58,147560,96,12589,1947,14,0
46,30150,36,13437,6200,10,1
69,105929,79,18999,5099,13,0
46,137423,19,10705,3843,5,0
55,122795,64,16376,1193,26,0
59,132223,22,19982,9174,9,1
38,66936,34,12611,4165,6,1
59,113286,56,8590,3174,9,1
30,28593,17,19711,850,13,1
66,37358,76,7565,9340,25,0
58,102143,89,19360,7544,4,0
34,57381,56,2835,8919,21,1
26,141465,17,17738,2563,0,1
58,110347,74,10797,6429,18,1
18,48074,92,4195,9116,27,1
19,40595,82,14868,7913,7,0
65,64194,18,10179,2321,18,1
46,69377,45,9345,5389,29,0
50,46853,96,1906,2085,16,1
27,93719,78,12955,5159,18,1
67,40661,56,16768,2780,27,1
57,70493,80,8198,4249,15,1
38,138724,50,2620,3038,3,1
45,126705,58,12820,9708,7,1
28,56495,18,12766,943,24,0
51,33703,80,9523,2567,3,0
25,73080,81,5338,8802,12,1
39,50815,7,16911,3034,27,0
25,49565,76,17813,588,6,1
66,83321,98,6301,3890,0,0
32,137491,10,16144,5737,8,1
34,78453,69,14784,7077,26,0
40,108478,85,3423,2441,27,1
41,128522,3,9272,3810,3,0
62,53161,83,2573,8763,13,0
36,75991,44,17803,1321,29,1
22,134296,99,1466,8572,8,1
49,127339,70,16787,1315,29,1
61,29716,14,6176,9095,2,1
18,127099,4,4393,2198,14,1
40,53349,18,10757,7862,26,0
54,67098,93,16164,6191,28,1
25,128435,99,13222,6229,4,1
30,20132,52,19419,2453,0,0
25,71990,38,19016,5463,10,0
40,133288,80,19368,6486,18,0
60,88921,20,1003,8252,4,1
18,56538,88,8477,5491,21,1
62,120572,99,6998,4301,28,0
68,119279,44,1602,8947,23,0
41,125909,51,8256,2431,16,1
52,27213,19,11559,1611,18,0
41,144693,68,14686,1372,16,1
34,64223,97,14973,8454,4,0
22,111655,66,7714,5087,23,0
37,88371,13,9376,6979,19,1
38,88274,62,12701,2061,28,0
57,127853,61,15891,6026,26,0
48,24134,30,4251,4957,8,1
63,111428,98,9144,6060,21,1
53,59601,30,17438,8381,5,0
28,93889,51,10916,9585,26,1
69,35690,88,3910,8215,20,1
32,21909,48,19254,3184,12,1
36,111239,33,12482,9938,25,0
24,100032,74,4348,1246,20,0
68,32062,82,18985,5743,10,0
45,95386,19,6830,7326,22,0
68,113237,71,12529,4585,23,0
60,54731,57,9120,6617,22,0
22,25153,19,19474,1506,0,0
22,30481,88,6480,8629,16,1
47,119270,79,10443,4810,25,1
49,86425,41,7370,9582,5,0
25,83600,42,1170,3376,2,0
27,104981,87,3809,2526,15,1
55,91997,52,7993,6056,12,0
64,124470,4,12946,4607,11,0
49,48205,4,4991,5741,24,0
65,108887,5,1826,6169,10,1
45,101542,41,10857,5899,22,1
34,64149,87,17513,9433,1,1
48,69112,61,18801,3508,27,0
25,30940,75,7798,7995,29,1
57,79010,55,18791,4162,18,1
42,96794,75,6136,5920,7,0
26,44485,13,18421,3411,12,0
19,109299,14,13491,7397,13,0
32,144321,60,8546,5985,14,0
67,125584,72,6903,6338,16,1
20,21067,25,14855,1273,14,1
66,40607,82,17406,2644,20,0
53,129419,44,15949,9684,9,0
21,81597,82,10825,6480,0,0
31,146736,10,7287,6897,11,0
58,94554,71,13193,8641,8,0
58,68521,50,2405,3737,22,1
42,132482,44,10670,8695,4,0
67,35187,14,18578,6082,21,1
27,122911,15,9767,6788,26,0
38,23985,16,8923,8856,14,1
53,63052,2,2606,2397,2,0
29,39563,30,9643,5933,18,0
44,67322,30,9316,3067,6,1
57,122842,82,12646,8630,6,1
19,81245,31,11556,6217,6,1
30,71514,77,11058,7252,1,1
49,38608,20,7250,3059,1,1
48,124675,49,2683,5137,26,1
33,87262,35,12726,1112,11,1
49,112118,23,8663,8246,4,1
49,91327,97,14083,2384,3,0
51,77225,99,14146,4524,6,0
28,93994,61,12253,3634,15,0
27,141701,84,16736,9747,2,1
32,37221,55,4223,2122,20,1
34,68506,67,6441,3782,1,0
57,40968,8,10822,3110,16,1
35,147677,40,8381,3569,8,0
26,102606,59,13863,6986,28,1
42,47937,32,6184,1755,19,1
57,82435,93,17653,3160,7,1
31,69508,7,10315,9734,28,1
42,146695,2,5533,4952,11,0
67,61831,85,18426,7602,6,0
39,62933,6,15560,4676,13,0
69,67307,92,2641,4186,27,1
47,68340,36,16925,5737,15,0
37,122951,32,11633,8161,0,0
38,128306,45,4297,1290,9,0
61,106338,42,18767,8916,10,0
49,63601,53,4996,3534,6,0
68,95956,9,1014,725,17,0
63,92178,75,15895,5848,18,1
66,105311,87,2674,6966,13,1
38,48754,75,6099,3679,16,1
52,63310,49,18864,9503,22,1
49,89893,2,8363,4723,18,0
47,106799,67,6957,8020,21,0
56,140007,11,5210,4566,27,1
66,68367,50,16776,4862,12,0
29,33201,35,18359,5523,22,0
58,22739,15,19069,4809,2,0
64,33231,75,3083,746,1,1
35,145610,31,19070,6237,24,0
38,127814,92,5158,2118,8,1
30,62495,62,17571,9112,6,1
38,41168,28,3782,5660,13,0
25,52624,96,5100,1871,4,1
63,30635,25,12701,8228,19,1
57,29964,84,16525,4738,14,1
63,47785,92,19456,3112,19,1
24,115046,25,1097,2580,0,1
40,102797,75,10483,6419,19,0
61,104790,83,4464,4824,6,0
49,96928,92,2787,8297,29,1
28,32336,1,8763,3235,4,1
39,97475,59,1683,6583,24,1
39,47412,69,17092,7852,3,1
60,102212,74,2132,9521,10,1
42,95379,42,13314,3558,18,1
39,65591,34,6877,9541,5,1
45,81750,66,14068,5834,19,0
46,110648,18,15633,1653,26,1
30,116134,77,16758,5440,28,0
35,55454,5,18425,3579,17,0
19,118537,20,12057,902,4,1
46,82672,66,1854,3475,29,0
38,47228,75,6738,8036,28,1
32,34429,62,3026,6419,19,0
69,104294,94,6365,7260,14,0
44,87808,96,3550,1480,20,1
67,102886,32,8089,7180,27,0
48,135577,58,17623,2884,24,0
32,73015,50,17873,9490,19,0
68,108074,38,13043,1866,5,0
40,88936,55,2036,3438,3,1
41,100907,28,7122,1762,16,0
61,77378,74,15578,8159,14,1
30,57310,86,16689,6687,17,1
39,121827,81,17150,8995,5,1
60,103683,22,12692,2816,23,1
54,88827,43,13054,8409,24,0
50,55256,83,2767,1421,19,0
20,96428,81,5708,7614,21,0
36,119862,88,9353,7074,18,0
40,122994,36,2256,9112,11,1
46,58889,96,11143,6029,8,1
47,71428,52,6351,4309,7,0
56,130502,36,15263,1666,27,1
61,57207,28,1749,9231,14,1
64,70255,78,18092,6768,0,1
42,125824,58,7416,5831,28,1
54,111531,36,7950,5529,1,1
64,25409,70,13328,1960,25,1
25,62438,9,2713,5187,29,1
59,130410,21,13777,5857,24,1
33,130238,64,9308,5239,25,1
25,115359,76,11673,827,2,0
18,27869,61,16378,5738,29,0
61,121260,94,16329,9043,18,1
22,76862,95,14882,5632,9,0
20,107937,40,17579,5232,24,1
18,45958,56,5714,4408,13,1
21,96302,4,11664,5791,18,0
57,39768,31,16753,8925,25,0
52,116330,27,13321,3622,27,1
49,46145,58,15630,5376,10,1
59,95622,25,18658,3228,20,0
51,128739,69,4709,9624,5,1
60,46442,70,1338,8495,18,0
42,101948,5,7761,2323,13,1
27,143585,91,5275,4000,25,1
38,45596,8,12491,4573,7,0
63,95791,9,19040,9552,1,1
56,62406,15,7762,1730,21,0
44,60524,7,9834,4895,17,1
44,43332,96,15358,6551,24,0
19,130160,72,10872,1976,21,1
58,35764,15,18553,2523,24,0
65,47563,37,9173,3096,29,0
30,107675,83,17685,8340,3,0
26,56370,39,12333,7621,27,0
69,25062,6,18950,2930,2,0
53,64645,83,12356,8454,1,0
39,142759,57,8816,7443,23,1
59,27244,92,13149,1033,3,0
43,26372,81,19594,1756,17,1
29,125409,19,12344,2157,10,1
34,146248,63,17187,9844,8,0
31,105501,31,12851,2252,27,1
31,137450,75,8230,7213,7,1
51,84471,79,9803,3478,20,0
37,130533,10,16795,4832,7,0
28,36956,87,2943,4153,4,0
33,60473,67,15015,3513,12,0
68,33894,62,9348,9392,6,1
48,130584,3,12750,8152,20,0
23,118918,18,6385,7600,28,0
36,89586,25,17639,5366,4,0
54,36709,20,10243,2264,12,1
21,101258,58,17273,1622,19,1
64,138428,93,6032,4330,28,0
21,35210,86,7261,7200,15,0
37,69510,50,19801,3458,29,0
27,122081,79,19640,2040,13,1
41,58674,10,3634,9214,4,1
52,145251,21,2891,5967,22,1
43,120025,29,11683,7553,18,1
54,37733,96,10967,6170,3,0
55,40080,10,13128,2238,23,1
38,122200,13,8426,4689,21,0
57,73412,47,2970,3033,23,0
56,144476,23,7771,5769,10,0
38,78971,50,11684,9190,1,0
27,59709,87,13857,2918,12,1
55,79846,95,18032,5576,15,0
63,85480,4,10832,984,8,1
21,131768,67,15640,1164,15,1
62,72960,85,13626,3954,6,1
37,123550,53,19485,1127,15,0
34,61152,2,14423,9423,12,0
24,47250,68,17802,4787,4,0
21,105765,65,17333,9936,26,0
46,137265,79,3352,5666,14,0
31,68137,57,2751,4374,6,1
20,102011,97,13167,9831,17,0
41,138922,70,6524,5040,26,1
54,143360,7,19735,7976,19,1
33,141280,19,16183,1207,22,1
69,66412,44,18673,9124,1,1
21,63876,63,12315,9164,7,0
41,114547,65,3702,547,29,0
51,93664,39,9835,2414,9,0
47,70227,83,15542,1605,9,1
35,52450,26,13259,3680,10,1
36,104433,44,3922,9049,20,1
48,93704,12,7654,1067,28,1
36,26861,22,3021,9171,20,1
66,127294,77,14955,1366,7,1
63,81914,92,16716,1528,15,0
36,83888,14,12310,2313,15,1
39,99286,86,17520,4228,28,0
41,81293,30,5225,6013,28,0
62,102524,44,10209,4026,27,0
29,88515,84,12892,5303,16,1
47,43524,91,16723,7069,5,0
55,27065,38,13719,1550,17,0
48,57684,59,4140,8818,16,1
53,108720,42,12721,6778,11,0
36,53365,52,3587,2152,14,0
65,78876,63,11574,8699,28,1
62,43704,61,7669,5208,6,1
53,77857,34,19989,9976,27,1
47,25622,39,6004,5818,13,0
66,103797,41,15301,6359,29,0
50,130468,37,9400,7115,3,1
35,113955,65,8504,8870,16,0
69,120003,79,4810,7093,25,1
66,111141,32,7080,4095,10,1
45,114707,8,8408,5410,26,1
64,107700,97,5153,3754,5,0
28,135404,18,12055,4953,9,0
62,131733,45,18752,2923,28,0
50,99332,93,4800,8608,27,1
34,122390,96,2037,5297,14,1
23,116856,33,1992,7481,28,0
21,86201,5,5510,8437,5,0
37,52694,82,1393,7181,15,0
65,109766,74,9005,5377,11,1
64,42995,36,17741,4677,18,1
44,112320,97,18565,3929,15,0
32,100141,23,7817,684,13,0
23,102999,40,3065,3633,5,0
64,28419,5,13094,5478,25,0
31,67952,34,14879,9198,8,1
28,143028,24,12610,6637,21,0
56,53837,17,1154,2432,0,0
26,90799,95,10746,6674,25,1
43,68877,71,9678,5912,21,1
33,126255,81,7294,1696,7,0
22,65687,92,10574,5747,6,1
69,119667,22,3415,4681,13,0
27,57276,15,16979,1838,7,0
67,54523,15,2070,6671,10,0
20,86055,25,19638,3120,27,1
30,74615,53,15785,7046,23,0
60,116642,21,17306,9374,8,0
66,130040,66,11067,6431,18,1
47,30514,91,8807,2229,6,1
62,67456,32,19574,518,5,1
23,27233,21,8398,6471,17,0
34,21102,68,13202,964,4,0
62,86133,44,3972,9382,18,0
68,66715,83,18898,9702,10,0
36,105193,66,12312,5810,4,0
59,130545,90,14627,8579,29,1
52,124085,98,2345,4520,26,1
63,129101,14,19301,662,24,0
43,26256,15,8641,794,29,0
68,141946,20,16099,9270,23,0
22,128684,34,14385,7740,24,0
46,84800,36,9644,7344,8,0
54,148900,83,2611,2085,26,0
37,114937,9,19462,3880,23,0
66,61548,71,11773,5927,29,0
38,92090,30,19448,7312,7,1
27,98200,77,6779,694,10,1
22,62367,91,10450,9533,26,0
53,148845,63,8150,6843,21,0
23,133815,35,17737,3431,5,0
43,109922,13,13592,7541,29,1
21,90382,79,14861,6199,14,1
56,147602,46,10755,9137,5,0
56,146270,56,1711,8771,25,0
67,146320,9,14706,5340,21,0
52,46205,87,11924,8136,28,0
18,45570,36,14073,2360,29,0
41,50255,3,16921,6061,10,1
53,41182,98,18813,1430,28,0
23,59373,19,7444,2434,14,0
58,63019,28,11684,4867,11,1
63,82619,23,4420,2671,8,0
61,36043,7,3068,3794,9,1
48,65532,76,8159,5247,28,1
37,121290,14,5806,4892,14,1
41,85936,46,7844,5738,16,0
42,39239,15,12683,3334,15,1
53,30416,67,3906,7616,25,1
38,23412,15,12117,3428,21,1
47,101976,51,4665,7925,7,0
41,44406,88,12622,6250,16,1
61,21875,8,10348,6994,10,1
59,139231,69,16498,2172,10,0
47,57066,62,8882,8690,5,0
39,122072,51,6289,7944,24,1
45,25752,63,14910,4850,21,1
24,106753,68,8798,1787,29,1
52,98025,78,4408,7110,1,0
45,21353,16,18545,9750,0,0
31,46986,84,18643,9293,19,0
27,106907,24,14959,7383,5,0
33,124901,6,5090,5687,25,0
33,34691,57,12033,630,25,1
48,89847,31,16362,8544,24,1
59,68075,6,14783,8802,4,0
42,30794,99,12394,3234,22,1
30,88470,79,3981,9522,21,0
23,36406,29,9065,9357,21,1
61,95930,67,4554,1566,8,1
26,135897,75,13579,5470,4,0
62,46872,3,19773,4288,17,0
53,61708,28,9158,1817,23,1
60,135492,74,2014,784,26,1
37,126629,97,14527,7466,29,1
35,40800,48,13872,8294,18,1
60,63397,80,15201,4614,14,0
38,143313,10,11218,547,29,1
21,57909,33,4713,6638,14,0
67,41352,67,18876,5361,8,1
50,121975,69,8585,3759,13,0
44,113848,12,5122,8342,4,0
24,125596,57,10892,3915,29,0
23,35438,44,17838,6950,16,1
32,108921,13,18301,9259,14,1
35,64999,24,5374,6664,19,0
49,38482,44,1489,8287,24,1
28,52471,57,1984,4565,16,0
37,67279,96,18344,581,23,0
41,129413,16,2782,3505,23,0
32,126748,96,15959,8908,24,0
65,74213,21,15542,834,8,0
24,133909,76,6983,9250,12,1
38,33026,51,2869,9565,21,0
59,127625,21,12496,9444,12,1
43,105184,60,7838,9285,4,1
61,25435,51,14550,7568,27,1
31,28493,21,6702,4397,27,0
54,92227,6,14027,8458,13,1
38,79321,73,12860,8601,29,1
35,22763,65,7032,5148,6,1
22,40389,76,2825,1282,24,1
20,51498,58,12554,4086,4,0
40,83755,78,16333,4294,11,1
43,121545,6,13470,9675,2,1
54,55825,65,4770,6097,8,0
41,36934,86,1029,7550,9,1
66,25574,34,9958,5551,28,1
36,58179,56,16502,1242,0,1
68,21587,75,9806,5044,13,1
42,62782,3,10196,4855,0,1
38,124224,42,3121,4108,9,0
29,74412,62,4009,3771,29,1
58,80561,6,8739,3010,10,1
50,97224,6,5059,8785,27,0
67,24409,63,12285,6555,19,1
21,147159,20,3910,1875,1,1
59,91319,21,15674,9823,22,1
24,119016,2,19354,3016,1,0
39,46751,90,13161,6738,22,1
50,58174,95,12116,590,23,1
34,142678,90,14051,1979,27,1
41,76572,56,18626,1454,10,1
51,81416,96,18096,8714,7,1
45,32041,10,14054,3805,2,0
60,43227,87,15070,2221,8,1
58,55201,70,10485,5952,25,0
56,56069,23,15413,3047,15,1
39,102190,92,12855,5423,25,1
66,46370,30,7153,688,15,1
34,115018,78,6587,959,9,0
51,145342,37,9827,2736,5,0
23,147173,55,7861,4946,19,1
63,31586,96,11804,1080,23,1
23,70231,49,14979,2661,19,0
51,145758,34,2297,5215,19,0
18,25322,44,15745,6397,10,0
27,85294,22,1357,3402,7,1
38,99468,31,17300,9164,19,0
22,49299,7,15433,1358,0,0
19,110715,21,17624,2940,5,0
39,90793,16,11796,2212,27,0
65,66501,20,19210,1015,7,1
19,77134,43,9115,7855,29,0
27,131672,44,4860,1875,13,0
51,29777,47,13443,7184,2,1
33,31249,19,5447,4169,1,0
65,140902,48,17521,2890,21,1
68,41390,96,2967,3762,0,0
56,40369,79,7579,5138,10,1
39,32881,69,5849,3366,20,0
29,29587,11,8167,8348,5,1
41,113800,79,8466,9751,7,1
64,94327,29,13349,9448,6,1
57,127009,45,3019,3995,5,1
55,107911,68,7174,6994,17,1
27,108147,36,16689,687,11,1
52,127562,48,8092,5078,7,0
68,27833,87,18576,8593,23,1
66,137574,15,11505,3214,26,1
49,67013,44,3355,7908,20,1
24,137341,67,19890,795,18,1
38,147785,96,1333,4033,27,0
37,83620,74,3562,4640,26,1
43,35754,40,15776,4542,23,0
21,127584,86,2795,4770,4,1
63,98113,14,16270,3551,18,0
69,116631,63,1253,5965,8,0
39,106784,81,4657,8233,24,0
32,55282,85,10615,6505,11,1
57,56737,51,4237,6370,14,0
38,137972,79,4331,4404,22,1
32,117427,58,2027,2761,12,1
39,44124,15,15199,1920,23,1
69,90102,65,19550,7193,12,0
45,22196,88,14283,8796,20,0
31,81527,55,13186,978,20,1
44,116651,76,17853,6018,4,0
58,135477,10,14781,7077,1,1
57,105395,42,16120,7285,18,0
45,31345,95,6983,9384,7,1
43,144544,11,2093,3538,13,1
66,54077,16,5789,693,28,0
19,86400,73,3912,558,5,0
42,32055,78,16111,2386,24,1
20,123693,19,15332,5073,6,0
25,105283,31,17564,5722,13,0
61,64484,73,13259,3080,5,0
50,97514,53,10412,5144,15,0
59,110135,90,17006,8123,26,0
69,55771,8,10755,720,29,1
52,132478,24,5684,1375,3,0
23,77654,8,8854,1696,6,0
56,66540,83,7417,3209,15,0
69,103151,48,18946,3231,3,0
40,126263,30,14127,835,6,1
42,130284,58,18797,8916,20,0
67,137399,86,11698,7514,1,1
60,124885,55,18401,1747,22,0
36,142393,73,16428,8680,7,1
22,49377,62,4654,4457,9,0
68,115567,48,15997,7611,26,0
28,69573,4,14742,5089,1,0
29,62733,37,9949,2386,5,0
27,149344,8,12971,810,3,1
25,31760,1,16391,2104,20,0
41,133226,92,17565,6159,0,1
45,119250,70,7829,4482,5,1
58,45762,47,11487,9060,27,0
53,70986,75,3667,4046,11,1
54,54332,5,10991,5341,26,1
38,60100,50,17287,6674,13,0
25,24944,24,7173,5851,14,0
26,68825,47,10691,8517,23,0
64,33877,18,16208,1497,17,0
32,49990,84,14235,996,16,0
65,149065,28,14663,6185,8,0
63,128443,77,10176,1463,14,0
57,119612,5,19748,1698,17,1
35,137674,30,16072,6410,23,1
59,135074,1,6516,5984,20,0
37,75283,86,19599,1076,17,1
23,144041,82,17509,3660,4,1
29,23258,46,3620,553,15,1
19,140809,69,18835,728,8,0
24,51629,31,10200,9470,21,1
33,57579,70,12896,1484,2,0
20,42958,91,1696,9160,11,1
62,59465,56,3270,2967,23,0
20,105853,89,10226,1031,13,1
44,35775,93,17060,8528,0,1
67,96575,28,10727,1061,8,0
60,114633,16,10005,589,8,1
57,54207,54,16084,6235,19,0
55,42553,53,15816,3645,12,0
50,129938,12,7717,1792,7,0
45,73632,20,19428,4610,10,1
18,20055,82,2116,7996,29,1
25,138012,34,18540,8059,13,0
54,108697,53,16179,4281,15,0
49,52873,64,1988,4567,10,0
65,121505,23,11658,4005,18,1
60,100720,27,6587,2891,28,1
54,86205,17,19212,1718,21,0
21,98199,48,16803,5655,9,1
47,45318,21,17271,2752,25,1
23,53734,50,11269,4391,7,0
63,102227,40,7088,1275,10,0
36,38522,95,3345,5729,24,1
49,31656,3,10276,8916,7,0
26,35893,17,11543,8053,24,0
29,131393,61,4005,563,19,1
28,36493,50,5435,2287,9,0
63,23632,90,17220,7591,16,0
33,115872,87,11687,5556,22,1
18,108648,6,15147,8569,10,0
62,81779,28,14613,4415,11,1
38,58452,72,16216,592,9,0
47,33266,55,7628,2177,19,1
30,141187,58,1076,6008,16,1
51,136603,45,6752,6230,2,0
21,81607,72,19946,4364,6,0
45,36940,19,18956,5436,26,0
55,44003,29,15994,1901,2,1
48,147880,23,6970,2106,16,1
44,118408,32,8952,1397,22,0
22,54815,10,12862,5087,7,0
42,50869,91,4111,4213,20,1
20,69297,49,3737,3631,21,0
50,80107,65,10544,2032,29,1
21,102793,29,5649,7035,18,0
42,36682,59,4868,7786,13,0
37,39622,45,8824,2298,4,0
51,50408,67,8799,8662,18,1
43,28837,51,13379,1851,12,0
22,84210,95,18386,7551,17,1
52,35407,11,9614,7358,29,1
45,49309,86,12101,1098,22,0
46,91918,82,8906,2544,25,0
26,113190,99,6359,758,10,1
69,38895,6,10615,5071,22,0
55,141284,67,19017,8503,11,0
67,119087,62,2753,7468,7,1
23,106912,5,14481,6676,11,0
36,20370,9,15130,7542,0,1
61,134212,28,12114,9079,17,1
28,20486,83,11495,1297,1,1
19,43762,92,1146,6213,11,1
64,46613,91,8507,7811,18,1
61,132804,77,17700,4520,22,0
61,23196,38,16977,6411,6,1
26,127856,43,9797,4454,6,1
38,138975,21,9766,4812,0,0
41,114937,91,2177,9480,17,1
51,120565,62,12518,6139,7,1
39,96349,46,4422,6679,24,0
20,84839,70,3594,7279,9,0
29,61916,38,12074,2556,28,0
45,28572,49,18148,9755,22,1
47,133312,75,12392,7602,28,1
43,48225,81,1435,7144,0,1
65,65853,39,4351,6285,14,0
38,69390,71,12169,1947,14,1
45,52275,30,17518,1014,27,1
43,92379,21,9995,2413,3,1
50,21105,1,3366,2451,9,0
38,136074,89,13367,6070,7,0
52,79896,32,12454,9465,13,0
69,63209,8,10668,828,12,0
51,117175,69,4415,9485,20,1
58,62487,30,11232,9653,16,1
68,38051,8,18390,7013,6,1
64,114244,19,5691,6473,5,0
35,120995,59,8669,1910,8,1
28,142444,55,19280,8214,19,1
40,97400,30,3748,1637,19,1
65,120300,79,3661,5166,7,1
39,86961,36,16173,5657,13,0
34,80156,55,12599,2068,29,1
22,134682,44,7107,4972,19,0
61,77175,27,13698,8066,2,1
28,26849,77,14309,3774,22,0
47,121551,78,3661,3773,12,0
32,38976,54,16133,6743,20,0
44,119794,48,9210,3969,8,1
52,135912,30,4358,6432,20,0
50,137275,39,1275,7064,8,0
37,76866,13,5078,5862,21,1
33,137752,16,12137,5136,21,1
51,67078,44,5698,5846,10,1
19,142492,71,1364,1736,5,1
52,51113,27,11165,4708,22,0
57,135520,45,1794,4968,11,0
45,35401,35,14646,2846,26,1
64,32884,79,6870,1542,3,0
56,104360,28,1589,5266,3,0
23,57563,99,5313,4606,24,0
26,54414,7,17211,8699,27,0
37,36142,62,8377,7820,22,0
18,132610,51,9861,4231,26,1
25,135128,46,18821,7802,25,1
40,91492,20,13952,5992,21,1
20,99464,96,10047,960,16,1
21,95257,38,5033,2802,6,1
42,96693,61,19277,3133,5,1
64,55135,32,19226,861,27,1
55,92232,26,17710,5993,19,0
32,47862,58,19784,7646,28,1
38,25190,39,5278,1287,7,0
52,90199,20,8500,708,6,0
63,125366,82,5015,8958,7,0
69,24331,50,9242,5592,8,0
31,144184,79,8826,1053,0,0
53,72186,52,10201,8525,2,1
29,64648,86,16105,5016,17,0
34,48549,22,1153,6951,18,1
56,101782,53,9773,9810,26,1
26,45761,85,18171,2013,10,1
52,23262,66,5886,7925,15,0
30,131624,43,3267,5851,17,0
32,71259,82,1970,7249,26,1
35,92572,23,9839,7505,5,1
68,144720,77,14813,8912,24,1
50,73472,64,18329,2844,1,1
23,107858,9,15450,7654,3,1
44,104667,7,6618,2471,4,0
40,24677,41,2495,4938,20,1
44,93508,54,3047,5824,13,1
51,100865,65,10364,9583,0,1
63,122568,2,14091,6169,28,1
55,121437,4,3886,5661,21,0
31,129916,78,16161,1705,13,1
53,70617,32,5158,9910,20,1
25,106029,2,7733,2355,12,0
52,38595,64,2657,2499,21,1
36,107459,14,6043,2935,15,0
47,80148,20,7360,7280,29,0
31,66926,89,17862,3598,3,1
37,95271,49,10329,3886,28,1
66,54457,8,5043,5940,26,0
42,62531,92,15242,6936,5,0
57,93263,63,1597,2277,8,1
41,93300,46,3324,7903,0,1
31,148027,21,8299,7358,21,0
43,83171,87,12231,3439,16,1
55,139229,32,1569,1338,27,0
40,146159,8,4328,6225,22,1
39,138229,95,17524,5259,3,1
65,65771,16,4280,5360,5,0
36,113135,40,4590,3638,15,0
63,86354,27,19422,675,6,1
68,132743,18,18458,5105,28,0
20,133381,35,14570,3662,26,1
59,57289,52,3225,3252,4,1
36,53892,15,15878,9881,8,0
26,91196,63,10533,1337,23,1
45,149662,53,10881,8345,18,1
37,115057,91,17747,3233,0,0
62,58409,81,14366,8188,26,0
24,135817,66,16515,5706,29,0
31,54470,31,11832,3153,25,1
26,38385,61,3030,6640,7,0
36,43296,64,7685,7719,19,1
64,138566,98,7157,3849,22,0
69,81716,34,14668,3810,3,1
31,109152,55,18001,5180,22,1
55,46382,59,19366,2886,29,0
53,96675,3,1193,5691,16,1
57,141019,17,9164,873,0,1
34,117596,78,2119,5175,1,0
47,42419,78,14351,1761,20,1
26,113321,46,7540,8133,26,1
50,101238,38,13394,8812,13,1
69,145032,35,17910,6032,25,1
42,114753,1,15860,6342,21,1
31,59291,29,6845,4345,1,1
28,32397,4,8971,3384,0,0
52,126415,61,15153,4638,24,0
58,77888,97,4526,6123,12,0
31,55169,17,2634,2619,22,1
47,82182,28,12201,8216,7,0
58,112476,50,1093,990,29,0
21,62249,90,8716,3545,21,1
21,48341,8,15331,882,28,0
45,95603,34,17472,1304,8,0
25,66144,59,15241,6085,23,1
19,81772,18,19934,9869,19,0
58,99360,95,12006,2717,20,0
63,33444,59,7357,9987,1,0
39,65647,27,2445,9609,16,0
58,143662,16,7335,7777,29,0
33,134416,10,19214,7094,5,0
46,118843,76,17938,7286,2,1
66,30974,22,12956,6666,26,1
65,132150,16,19818,2914,19,0
47,58383,12,7919,1150,29,0
29,145548,75,6593,8669,16,0
52,114826,84,17586,5415,5,1
28,101552,51,8153,3698,7,0
63,117648,1,5542,1441,13,1
67,114049,27,17192,9232,9,1
38,22956,67,14403,6305,19,0
38,28077,12,14065,4227,9,1
22,56490,30,10878,3029,14,0
65,130363,9,1828,1702,7,1
37,144713,53,8170,5464,10,0
54,123391,61,19406,1150,15,0
20,128642,54,10749,3506,25,1
61,75612,37,14216,3404,2,0
50,120474,65,12049,9005,14,1
26,56159,42,7785,4614,12,0
26,59710,49,9998,9875,10,1
21,103536,4,5655,621,13,0
52,33806,64,19458,7103,6,0
34,133096,79,7918,8860,18,0
51,98345,51,4436,4182,14,1
41,100391,91,5872,5224,5,1
49,127412,72,1360,4621,19,0
18,114924,60,12909,7364,21,0
25,26458,87,5599,7894,6,0
62,55524,79,11168,2229,23,1
40,26853,91,7731,6452,13,0
64,60477,31,3077,5629,21,0
57,52222,72,14750,1618,3,0
29,38320,94,19557,2668,8,1
29,114154,58,5691,8168,6,0
63,72243,82,18773,1550,24,0
64,65615,4,4514,9396,14,1
32,37352,22,3919,7140,2,0
58,92833,3,17385,3399,4,1
36,113476,79,19317,3707,16,1
43,134560,99,1393,9398,26,1
69,23203,47,14457,8174,27,1
46,59267,38,1529,4332,23,1
39,57941,33,13211,2508,0,0
57,102809,78,7495,5221,0,0
38,45368,48,7953,1566,29,0
68,97186,65,2713,8787,15,0
55,50984,26,1635,2418,22,0
37,61941,8,16193,9957,13,0
46,92918,50,15633,8931,10,0
68,72683,80,10309,1827,13,0
21,146409,38,16778,6710,7,1
24,20801,10,8445,7948,18,0
45,126538,42,13415,7859,1,0
45,132201,37,15281,1642,22,1
21,67965,26,7602,3723,9,0
39,105269,92,1037,4348,4,1
29,142693,12,10824,1915,14,0
62,29969,84,4775,6874,0,0
20,55969,49,11555,1260,1,1
39,102269,14,6120,4142,18,0
61,52449,46,15678,2052,21,1
19,111679,35,18425,1362,29,1
41,45705,29,5715,9847,16,1
51,80303,12,2394,9048,14,0
44,48363,82,3869,7709,23,1
58,50720,44,4676,1828,17,1
18,29972,66,4721,1529,20,0
25,53351,2,6690,2876,7,1
40,131023,59,6818,3741,28,1
55,56145,17,1234,3640,20,0
23,107948,10,4140,1381,28,0
39,109614,18,9638,9230,13,0
42,108116,22,13897,4057,7,1
35,76235,83,18383,7563,29,1
34,34855,58,18718,2696,21,0
29,56169,53,9325,2450,22,1
23,66404,1,11624,6437,7,1
43,39569,88,7090,3663,18,0
44,145074,61,12377,4963,12,0
25,149006,89,18495,4507,27,0
36,74437,31,15870,5175,29,1
59,68506,31,3103,5251,4,0
18,45738,66,6125,6719,9,1
46,26772,19,7590,8918,6,0
62,110410,53,11212,8030,8,1
66,39731,76,10600,8235,13,0
52,30131,74,3921,9283,5,1
57,86324,95,5734,2575,9,1
31,74097,22,17037,8272,0,1
52,101720,23,1836,2522,10,1
65,116433,87,13094,2578,7,1
62,22889,15,10028,7894,5,1
37,29569,26,11749,7513,16,1
66,107193,3,16432,3821,3,0
30,95677,87,12051,6511,5,1
55,105192,20,16586,2936,28,1
66,143757,40,6312,7587,14,1
63,107154,39,4822,3859,9,1
66,97470,72,12622,2230,16,1
25,128073,18,17099,4162,9,0
60,108822,41,18188,5610,4,0
37,146019,70,2075,7118,18,0
50,27612,27,15063,7399,6,1
43,71644,15,17383,1529,28,1
56,52069,37,10605,911,23,1
38,101741,58,5452,2481,18,0
66,47331,5,19047,9353,9,0
59,75897,73,13298,3970,18,0
60,33934,7,13368,1805,29,1
58,30095,41,8428,5180,10,1
26,111494,84,19437,5095,2,1
41,122544,10,16817,1315,29,1
54,38706,62,3420,6112,10,0
66,63516,26,19912,2537,5,0
58,123602,68,5317,5375,5,0
34,117008,24,9412,7586,14,0
41,54629,78,17321,1649,2,0
38,66910,41,1227,6908,21,1
68,108540,65,19721,506,24,0
56,144746,17,12456,1936,10,1
58,40431,24,1955,3750,7,1
56,76733,27,18881,8163,26,0
30,60088,7,10472,1194,28,0
28,64135,73,2978,5587,28,1
63,135786,99,18913,3799,22,1
36,58015,12,13675,5343,22,1
28,120038,85,17128,8237,7,1
30,51385,3,16668,5452,22,0
63,90199,79,8445,5547,28,1
62,58677,85,5284,8342,15,0
18,138104,10,18585,525,2,0
57,32818,33,8131,5047,7,0
61,108222,46,11614,2653,7,0
36,83001,59,1759,8519,12,1
29,43977,52,14684,3989,0,1
25,69832,6,10680,9023,9,0
25,60931,2,5371,5661,4,1
62,103990,29,13651,1144,29,0
29,98894,40,2665,2352,4,0
65,92204,97,7918,8223,16,1
50,65784,61,11194,4630,21,1
62,126305,68,12213,4084,13,1
43,29921,68,16745,4309,5,1
56,54959,29,8636,9502,13,0
45,52328,62,18749,1811,11,0
22,28859,60,8344,2394,19,0
25,144492,84,4201,6738,21,1
42,109506,41,5752,4800,29,1
44,94408,87,10575,8288,21,0
63,143852,82,11327,7477,0,1
40,104766,89,16891,6673,4,0
47,46708,65,14029,6909,17,0
62,38847,64,7091,2570,13,0
64,75989,79,18905,3156,6,1
40,112641,63,16866,4634,28,1
66,145383,98,8521,4768,24,0
64,24922,48,16410,6510,14,1
37,89928,20,19007,3984,8,1
35,72335,37,6820,913,29,1
35,146913,64,12453,8341,14,0
19,33541,91,5696,9383,26,1
21,39551,86,2867,6648,15,1
47,39381,5,16723,4809,8,1
50,133319,34,12817,6291,26,0
53,75673,39,1168,1419,6,0
35,121531,67,11213,1406,6,0
54,42948,81,16223,3710,16,1
36,112264,62,12452,3219,10,0
64,79072,88,9027,5395,26,1
45,87560,24,17291,1292,5,0
57,102249,3,11641,9267,13,1
37,22486,71,1224,6043,14,0
66,86691,89,9749,4225,20,0
50,30082,67,7582,8691,7,1
29,122781,79,2573,5661,23,0
68,104105,93,9577,1860,26,1
32,27086,50,9712,2548,3,1
58,147818,29,7763,6752,0,1
56,87853,74,13164,6598,5,1
19,121925,32,6217,3696,25,1
46,90027,87,17272,9779,0,1
58,35916,39,13734,705,20,0
27,35248,9,12353,3815,4,0
19,88047,14,4501,7233,18,0
68,44226,68,14530,9314,4,0
28,45025,64,13394,2177,21,0
30,127850,20,2499,3512,4,0
27,68380,28,10669,8047,16,1
31,27848,14,11519,2371,27,1
35,34274,44,14239,8770,11,1
68,140092,98,19128,7058,6,0
26,74545,77,3039,5234,14,1
56,149043,95,9311,6289,18,1
45,116494,97,4857,7434,22,1
20,135981,39,5950,3728,20,1
37,55233,28,16441,2835,12,0
23,36304,64,13735,2225,11,1
44,133973,89,2743,6237,18,1
19,31294,32,14283,9806,12,1
46,46425,9,10638,6485,26,0
55,88711,28,4616,7716,5,0
20,126153,95,16383,660,0,1
33,130777,17,4894,1925,5,1
47,113311,87,19108,2233,12,0
57,29425,77,7227,3022,12,0
19,111549,55,11464,7666,12,1
34,113464,10,8847,1101,19,0
58,64990,80,5281,5184,3,0
29,126748,6,19584,2020,4,0
52,93746,48,3143,2890,12,1
60,88295,75,15780,9597,8,0
18,36091,67,4181,1617,16,0
62,139943,92,7520,7800,2,1
32,143102,41,14052,5221,26,1
43,20002,79,13271,6641,19,1
54,142818,60,18480,3580,17,0
38,70411,77,13499,8439,24,0
66,60958,42,9915,5277,26,1
48,147829,81,17122,7765,14,1
42,115696,71,12431,4301,22,1
40,40707,28,7918,7557,0,1
41,35248,13,9148,8010,8,1
55,91309,81,14038,8599,5,0
45,98322,15,14805,6581,17,0
38,71720,36,8749,4127,0,1
60,35037,92,3871,4880,21,0
35,87421,15,5489,5879,6,1
53,125364,75,5607,3042,9,0
52,101867,56,13973,4950,5,0
62,60612,95,13111,7460,6,1
26,108031,4,6834,699,5,1
55,33450,99,10912,7496,7,1
47,29491,98,4399,2683,1,1
61,137026,52,19241,5543,8,0
51,94804,91,8604,4536,24,0
49,138446,10,11957,5512,26,1
20,113293,94,8731,8334,8,0
20,139498,45,19780,3993,6,1
45,127443,84,16808,4472,8,1
61,26791,29,3261,2352,16,1
32,125475,53,12809,9079,2,1
58,48314,29,18696,2162,15,1
40,71883,23,11056,8089,15,0
57,114119,57,19689,712,1,0
28,135557,50,1997,5155,10,0
65,107086,21,16155,9249,15,1
49,85629,43,7353,3619,14,1
53,121291,10,19703,7145,0,0
50,131151,76,4207,3191,20,0
41,29967,30,10275,2494,16,1
56,101754,51,16874,5548,2,0
51,63220,33,4086,974,21,1
45,94163,18,16973,8733,21,1
54,24947,78,18105,4492,18,1
24,59419,22,15870,5323,19,0
21,76131,64,2154,4017,6,1
54,108714,21,17029,2768,21,1
18,48876,1,8167,1439,28,0
18,108444,15,1016,4938,10,1
64,121448,36,8097,6798,29,1
37,39971,47,14165,3485,29,0
36,82539,54,19616,5489,17,0
46,118120,86,12654,6528,24,1
27,69228,32,18830,9542,13,0
35,143695,58,17205,8922,15,0
45,94495,46,10657,2999,5,1
52,141241,54,12959,8120,1,1
60,48261,33,12819,4804,22,1
64,126601,39,4083,3403,10,1
48,81260,23,10735,8263,10,1
44,124998,43,7952,8464,25,1
28,101371,55,15637,9930,9,0
66,104793,2,10463,2574,3,1
66,23346,66,6391,8325,16,0
55,116343,38,15468,2565,9,0
22,115954,29,16091,9321,8,1
25,76176,67,15964,3708,29,0
51,72300,71,9964,5174,12,1
65,31340,36,8914,9594,10,0
69,144345,29,15476,9745,9,0
29,145467,37,17866,622,23,0
55,53012,87,8437,1456,4,0
18,55393,45,12371,5596,2,0
48,122153,16,10773,1486,3,0
21,95133,31,6203,9943,2,1
66,45557,34,16430,4933,9,0
62,84204,50,13462,1490,23,1
67,93273,65,10033,8425,12,1
22,132328,82,19256,6056,4,0
47,130304,62,16754,9593,12,0
41,126637,43,4320,7325,26,0
20,37276,56,15979,5209,23,1
28,74639,15,3728,8473,0,0
62,141939,48,18338,4080,24,1
21,27310,49,2595,3302,10,0
43,55167,81,3288,2704,25,0
44,122944,44,7845,1371,2,1
63,104880,10,8663,3324,16,0
60,30391,20,18127,6595,18,1
44,142013,70,18878,3903,12,0
59,70621,8,7944,6653,15,0
68,30892,45,13302,6050,17,0
67,96733,34,11180,4382,22,0
23,98586,96,1207,3707,25,0
32,56142,51,2083,3597,19,1
47,65679,4,19796,3578,22,1
59,61615,39,4311,3138,18,1
54,67553,84,9588,6051,29,1
54,129264,24,17592,3446,5,1
59,99071,88,14444,3971,22,0
54,61002,55,6850,4802,6,0
52,128807,26,19820,2124,14,0
40,142611,25,13719,1982,29,0
23,90658,36,17517,758,4,0
21,29852,71,18022,953,15,1
35,25387,74,2228,9490,5,1
26,147571,58,5019,4970,2,1
66,117295,12,10482,3011,11,1
46,125935,1,15105,4670,3,1
30,59994,50,19580,8933,26,0
64,123412,25,10895,5636,21,0
69,136912,80,15135,2212,2,0
34,120414,5,17245,7926,15,0
62,53725,83,11387,2502,15,1
49,92682,68,18359,8651,22,1
65,20560,6,15904,6754,18,0
39,144210,26,7121,3827,14,0
21,76565,55,2028,9188,8,0
22,21312,39,17909,8535,19,0
54,38205,9,3327,3611,1,0
58,145882,45,19930,5741,5,0
66,31595,14,18219,9418,13,1
30,107566,55,3483,2331,8,1
51,41329,9,3734,2321,28,1
62,123678,15,10730,2316,9,1
39,88187,37,11102,591,25,0
40,148509,50,8304,3932,17,0
68,95542,84,5049,2469,14,0
20,128237,72,15947,2884,3,0
59,139389,96,10495,4179,4,1
51,146688,21,1392,1102,24,0
49,134476,57,12776,927,22,0
62,55645,19,11867,8698,20,1
68,107502,93,3466,6763,5,0
66,113382,58,2225,2934,24,1
38,107310,95,15987,1873,14,0
63,89619,6,1461,9332,19,1
61,53513,4,10993,5662,29,1
38,28749,43,12465,7340,28,0
61,50783,93,17535,4311,1,0
28,80645,42,11461,3806,15,1
56,102861,3,13366,9137,4,0
21,73175,1,2785,9204,29,1
68,104216,55,7242,9681,22,0
18,82709,15,15312,6856,27,1
45,37323,47,7356,1901,3,0
41,70762,85,19220,1045,27,1
52,108220,46,10589,3033,0,1
30,84222,58,2493,2509,7,0
64,54493,95,18932,6401,20,0
51,78328,71,6163,4585,9,1
28,144467,81,10612,2715,14,1
53,32213,83,15297,5485,1,1
68,117367,39,6704,9519,18,0
34,127832,3,7688,2684,11,1
52,66930,30,16835,1775,29,1
35,47713,35,19447,5668,9,0
57,127157,57,19404,4023,11,1
39,92723,29,11341,9207,25,0
41,118336,50,8353,5283,20,1
36,52583,62,10142,1519,26,0
54,148792,52,16266,9987,19,0
56,133197,14,9216,8098,24,0
38,99944,35,16932,1549,8,0
25,42369,28,13017,2840,7,0
45,67928,58,1569,8073,1,0
22,88950,30,6112,9949,20,1
34,135844,90,2355,2778,29,0
54,39510,7,9056,3485,23,1
53,142940,39,17086,6205,23,0
36,32120,95,18214,1644,6,0
44,119847,69,15220,8130,3,1
51,118575,35,15498,1205,18,0
28,149269,52,1834,2924,7,1
62,25295,14,12308,2434,23,1
64,40460,63,1969,2984,12,1
29,34963,36,1592,7496,25,0
38,97116,91,1254,2245,20,1
28,107822,24,11306,6264,2,1
56,47328,40,3661,9661,4,1
45,104629,29,16309,3046,19,0
22,144034,53,9794,6128,7,0
34,41605,22,19223,1277,1,0
37,130901,72,6905,3614,26,0
58,64813,15,3431,3436,23,0
63,66371,69,8756,4610,9,1
29,128241,64,6353,1845,21,1
23,67598,4,18349,2541,15,1
34,80776,75,2737,3174,3,1
68,143217,18,17868,8004,26,0
36,92258,42,13326,1189,29,0
43,60969,30,13911,7556,13,0
65,56912,15,19411,619,29,0
61,58374,70,6213,6669,2,1
61,92302,55,7227,6332,9,1
69,82784,53,12279,2113,12,1
49,69882,16,16836,8123,4,0
23,35928,73,9796,3533,21,1
53,41274,34,17351,3436,16,1
55,149994,27,18352,6159,16,0
28,54416,13,17820,9841,10,0
50,106148,27,11966,5567,25,1
41,80998,73,14967,5302,18,0
40,120434,69,2809,3658,17,1
32,132696,86,7546,4990,27,1
44,49047,31,9107,955,16,1
28,63356,3,6505,8143,10,1
68,57134,30,6257,5120,14,1
67,87042,21,16051,9367,7,0
34,71310,99,5909,9693,11,0
68,137604,6,15866,9587,28,0
31,100758,92,11021,5599,16,1
44,32363,32,16358,559,25,1
35,105149,42,1461,6699,29,0
45,64563,62,16732,6811,23,0
68,50628,89,4233,6031,4,0
64,128162,32,13128,3264,28,1
64,130920,99,6202,7508,3,0
21,140953,86,3939,2294,23,0
24,89672,88,16197,6186,23,1
62,66246,39,14722,3987,10,0
52,31161,64,13998,5487,29,0
65,120993,30,17472,3921,7,1
26,109110,63,19047,7080,15,1
25,112438,96,4301,6032,15,0
69,22810,31,16640,1873,2,1
62,79860,87,17805,4053,11,0
34,97199,40,17131,4172,23,0
34,91688,33,5433,8644,12,0
66,85548,63,1265,9774,0,0
50,82363,25,3850,9625,28,1
49,31162,36,2378,5937,3,1
25,107858,24,7503,8663,20,1
36,93535,95,8157,7946,5,0
55,27219,58,11006,9249,4,0
20,90864,39,1849,6465,4,0
22,23621,46,5814,6415,20,1
30,138371,77,11000,6615,24,0
64,109792,10,16288,5594,9,0
63,64433,87,4274,2882,25,0
48,139998,82,18100,4598,18,1
33,96850,32,15227,9699,17,0
67,146344,97,18279,9973,25,0
49,86188,36,10368,4858,1,1
39,74951,28,12945,8812,15,1
46,101718,16,10968,9596,14,0
39,127116,16,10651,639,23,0
60,56558,18,14903,8144,4,1
20,148938,8,19927,2315,20,1
27,35659,80,8771,5908,21,1
59,54413,75,14460,4801,8,0
38,30435,70,5637,7785,22,1
33,139200,1,13922,9720,4,0
29,73911,62,9066,7278,4,1
19,48067,76,4553,9036,25,0
58,107794,38,2349,2919,8,0
41,113823,92,3986,3735,8,1
52,89224,45,12522,3094,1,1
47,93225,58,3122,1887,6,0
47,21379,81,14892,1483,25,1
64,122547,1,9689,2622,0,0
52,128541,32,15062,5919,19,0
36,47624,8,2363,3494,1,1
67,111500,40,17691,7556,25,0
25,108427,56,3751,8048,24,1
43,134634,63,8782,7353,11,0
66,142507,88,18648,3400,5,0
57,148701,74,13540,1275,19,1
24,77745,74,14223,5481,18,0
47,71805,36,6339,1235,15,0
24,123915,89,6848,7277,3,0
20,140815,57,17877,8253,17,1
18,32516,74,19405,5647,4,1
53,99422,83,19131,1986,24,0
42,105843,45,16861,895,21,0
54,149560,79,14465,2501,17,0
18,44843,80,4302,9055,5,1
32,132020,2,15437,8562,24,0
54,25912,93,16162,7768,13,0
30,41514,68,15512,6377,19,1
57,107359,50,6022,4688,16,1
25,77032,29,11471,4861,17,0
22,48797,95,7155,6849,20,1
26,26449,81,6254,6680,9,0
18,21725,10,5354,8294,22,1
53,101406,27,3516,1243,23,1
52,29304,15,16872,6662,18,1
19,93058,60,11156,873,24,1
57,145555,31,9838,6405,17,0
40,33663,21,13734,4627,3,0
26,90320,60,12022,8831,19,1
51,95008,58,6208,6189,14,0
63,135920,41,17578,3520,5,0
31,114488,46,14725,3792,25,0
21,147418,45,10337,7376,5,1
47,95591,26,11701,7397,2,1
48,115044,51,11275,5838,8,0
55,32676,36,7210,2064,10,0
28,45192,52,12544,557,4,0
52,44722,81,17327,3996,13,0
25,27446,51,15041,5894,1,1
20,139304,3,17705,5642,21,0
31,24725,14,11479,3448,18,0
30,105597,49,12323,4973,7,0
62,133073,77,13937,9064,12,0
49,108207,91,2702,3634,18,0
51,77632,1,11404,2087,4,1
62,86945,57,1830,9469,14,1
36,93741,17,9380,4762,3,1
55,36365,50,1091,7166,3,1
33,85792,98,4877,4178,17,1
19,84857,14,11103,1498,23,0
57,136409,59,19720,9251,18,1
34,35704,81,8676,3843,19,1
51,70575,3,2580,4001,21,1
59,49902,98,16787,4514,8,0
33,139641,40,10600,5607,14,0
55,121294,89,16412,4828,29,0
19,21195,66,1473,5155,11,0
19,139247,34,12624,5827,3,1
43,73517,90,17653,8120,2,1
30,54012,95,18077,6358,4,1
64,31415,9,13663,6120,24,0
48,59534,94,18799,9612,16,1
51,41686,84,15517,7504,4,1
56,97198,21,19467,1742,26,0
20,134514,93,18619,7515,3,0
25,48743,25,4967,580,20,1
40,52161,44,14211,3161,6,1
31,81313,25,7634,5298,6,1
44,135994,9,1840,1040,6,1
46,128617,62,2461,6445,16,1
56,22402,26,16405,7408,24,1
56,83190,57,16003,9966,14,0
18,135184,37,4472,3285,6,0
34,72551,16,16847,3986,14,1
58,33275,37,7575,3657,19,0
47,48182,76,5843,5217,3,1
30,34915,24,8739,5836,1,1
38,20909,26,15852,7665,21,0
36,134110,20,17324,2743,12,0
36,85908,9,19893,3493,11,1
42,147337,87,10157,2591,9,0
39,42620,29,19422,5709,18,1
48,54112,31,15516,8145,14,0
34,94051,19,13432,6240,16,1
40,22431,20,19234,4654,20,0
49,106590,87,8432,9170,5,1
27,82175,27,19837,3165,26,0
27,137472,94,16148,6518,4,0
53,52624,85,12194,2256,20,0
25,96121,44,15819,6213,27,1
69,81264,35,7625,3620,25,0
37,133766,71,8404,5651,12,0
49,51958,22,15674,6105,29,1
67,144095,74,11507,3078,26,1
31,21695,87,19697,1526,13,0
67,120211,15,5623,4973,28,0
45,139502,94,8015,5167,23,0
63,69932,98,16261,2454,13,0
69,119323,13,8782,1086,29,1
41,64225,4,6214,1184,14,0
32,21403,82,7938,6542,15,1
39,103346,56,3988,3768,9,1
47,94391,23,6156,1158,0,0
21,58636,97,6512,1796,23,1
30,30839,98,10788,2025,28,0
40,85546,34,15185,7650,10,1
25,124634,99,19734,8292,6,1
35,67829,17,10971,7104,16,1
29,29230,28,11640,6289,29,0
48,71977,14,7487,7920,24,1
31,60232,34,14688,6253,27,1
51,133050,75,13452,9763,3,1
35,121307,57,16372,7134,28,1
51,114792,77,12999,5608,6,1
28,45651,97,14434,5747,2,1
58,117919,55,13416,8901,23,0
29,59963,66,14945,1123,19,1
66,75872,98,2017,5761,13,1
32,137776,93,5690,4768,17,0
48,99198,37,9373,6484,17,1
66,33739,68,15378,4249,23,1
46,83294,76,19835,5042,29,0
43,68356,26,19336,510,23,0
35,21789,61,5700,1260,0,1
49,39420,92,14901,1677,5,1
39,109297,67,1660,9668,8,1
55,125902,84,18699,2992,24,1
34,57606,74,8381,2889,1,0
40,58640,52,3919,6864,7,1
41,138341,18,19456,3052,23,0
67,64135,53,19403,1982,19,1
25,57067,63,11932,2810,29,0
58,78420,53,1815,4241,3,1
23,37357,27,15510,7785,20,0
22,59851,31,13289,8117,26,0
61,58262,91,5734,4339,9,0
46,144745,1,3753,8081,22,0
45,96853,6,7505,3255,0,0
28,78643,11,12559,9514,10,1
18,138094,34,15905,4097,8,1
60,41534,84,5685,9152,18,1
36,111270,63,17585,5737,10,0
26,121433,53,18388,2240,3,0
44,52872,85,18696,2624,22,1
51,125737,85,19409,5791,4,0
61,27689,18,12765,3597,20,0
21,89103,21,5221,5747,16,0
53,106268,19,16327,4969,17,0
35,106310,4,4671,9345,4,1
32,108731,77,5941,5499,17,1
68,135869,82,13466,9435,16,1
30,57412,29,18988,7066,25,0
36,67734,25,19286,7844,2,1
66,129634,56,13191,1352,10,0
23,107793,77,5588,5426,16,1
65,89930,63,11811,5568,25,1
29,121838,27,19733,5889,7,0
68,42228,60,8928,1818,23,1
54,140627,83,16325,621,7,0
34,97924,49,8120,4754,22,1
40,31319,65,15274,8998,22,1
43,26475,38,5719,9804,1,1
46,117091,83,9081,2396,24,1
50,103694,52,15550,6476,6,1
44,34728,1,17354,8506,20,1
42,130310,40,11864,9037,19,0
27,49545,81,17931,4411,23,1
64,116636,21,13624,8840,20,1
40,142971,86,4361,1539,5,0
38,101686,15,14707,4404,19,0
38,118750,50,2924,5376,17,1
60,118412,48,13647,8809,27,1
30,81756,32,7681,1203,6,0
54,88775,49,3701,3455,27,1
50,58699,68,15175,5970,17,1
41,56821,45,11122,6940,26,1
61,50615,32,17805,2524,11,0
28,33746,4,17719,5496,6,1
34,106457,65,10718,7069,6,0
21,42745,97,1056,4845,0,1
64,21245,71,14973,6362,28,0
42,137408,73,16352,6134,9,0
47,132143,65,16052,1497,9,1
26,44853,80,4147,905,11,0
38,47632,18,4537,743,2,0
37,32856,54,1721,8467,2,1
36,76893,47,13269,2914,12,0
36,90641,6,17769,4356,12,0
29,121226,66,8426,6763,26,0
54,88049,9,14788,8438,5,0
59,78182,68,15007,9124,26,1
34,22801,23,12079,1641,2,1
54,117881,43,15346,4626,27,1
65,99431,51,8115,3524,14,0
56,59749,72,11911,9864,8,1
45,93757,25,1259,7507,20,0
58,75654,80,9791,3956,5,1
52,91574,35,8536,6499,5,0
64,117567,17,9947,4697,7,1
65,75381,18,12769,9787,25,0
35,78601,27,11950,6324,10,0
31,35082,15,17860,7266,18,0
52,34648,81,6283,3352,15,0
61,20364,69,10791,2955,8,1
58,54568,80,3359,8014,22,0
24,99646,15,8405,1890,10,0
58,91494,42,18645,5425,15,0
30,94632,34,15357,3336,28,1
35,27436,48,7323,1117,5,1
54,106713,83,6937,2969,26,1
30,46754,8,18966,3202,16,0
53,80194,10,12030,6757,15,0
48,44544,5,18882,8605,19,1
19,80180,48,14003,3665,20,0
33,83295,26,11578,8951,27,1
26,32638,86,13979,4930,17,0
26,85715,23,3209,9738,0,0
55,89409,62,13060,6492,17,1
28,148479,13,8228,7097,7,0
39,138648,9,10300,1907,25,0
50,103106,20,9681,9701,21,0
53,148782,92,9196,6057,9,1
62,146839,57,9267,7499,1,0
40,133759,24,6372,8089,8,0
62,37157,33,7150,3906,23,0
62,65565,20,11920,6200,3,0
51,89996,60,17001,8627,10,1
26,133620,48,17856,4727,9,1
41,85888,64,16147,2045,13,1
25,76095,30,18221,7807,6,0
24,84947,73,2186,8632,18,1
53,107122,17,7461,634,5,1
35,90880,14,18865,3359,15,0
20,24507,19,12464,6503,18,0
45,123134,71,15052,1764,25,0
23,63988,59,8332,2272,28,1
61,118421,67,17615,664,18,0
61,36865,97,1327,9311,12,1
38,122591,44,6239,8922,11,0
45,149614,32,18333,7225,26,1
57,47213,11,11078,3280,24,0
18,75954,2,8038,8253,21,0
53,77450,90,9048,5798,14,1
38,24477,68,15954,7314,7,0
60,82222,17,3297,4252,3,1
52,26533,81,18691,4472,19,0
30,69395,92,13703,3732,7,1
66,145512,94,3779,8094,22,1
27,43396,40,14706,902,20,0
61,32755,87,14225,7699,15,0
64,20865,46,8318,6764,15,0
27,31173,88,14531,4980,1,1
63,78905,93,6335,7119,21,1
30,58097,4,10530,3107,16,1
54,53371,38,8502,9882,22,1
55,124060,63,2649,9080,24,1
41,31254,29,14472,3904,4,1
19,24018,19,3862,6142,4,1
39,25192,91,1917,1289,11,0
34,22015,29,13444,7396,6,1
53,128154,35,9353,1994,4,0
31,88916,70,6449,3251,25,1
27,48343,23,3811,7210,27,1
52,89306,46,4421,1320,27,1
42,25829,44,10290,5640,3,0
20,54381,48,3721,5638,16,1
64,131451,52,11892,2869,5,1
55,101081,8,16256,4565,13,1
34,38263,55,1788,1963,8,0
29,123676,66,17640,2407,3,0
69,73260,77,5025,6701,25,1
41,63306,40,7741,8395,10,1
46,111211,85,4654,8325,19,1
60,78418,31,14580,4465,20,0
42,110898,48,8660,681,15,1
53,20148,61,4251,6500,15,1
43,21754,52,6268,7745,15,1
55,46745,38,12781,9652,5,0
18,92914,91,14489,1489,14,1
37,131895,36,16131,6772,2,1
45,75833,87,8562,1206,8,0
33,40140,55,16987,7152,0,1
64,94907,85,15391,5347,10,1
34,80653,13,3152,4830,21,1
57,112535,37,9738,2120,5,0
45,81521,47,8888,5149,23,0
29,98315,90,11096,7096,4,1
44,51075,71,6474,5181,24,0
59,50697,22,1488,8544,24,1
64,143804,39,19206,4080,27,1
47,74544,87,6622,9114,17,0
58,29795,58,4774,4515,20,0
51,84555,30,7446,3696,11,0
54,72204,18,9572,6649,6,1
23,123996,18,8833,5053,1,1
24,89754,74,11258,4510,6,1
49,84860,39,13416,7165,8,1
49,123107,94,5887,5146,23,0
42,71529,26,17605,6590,25,1
50,31672,71,16684,4250,24,0
24,74238,7,1617,3036,29,1
69,116578,69,14636,3759,19,1
29,55950,65,3570,7379,7,0
33,31009,46,7309,7938,8,0
33,67096,18,3790,3011,9,1
60,39544,13,8826,2590,11,0
53,75728,25,13134,5134,1,1
30,49381,8,5054,1067,9,1
24,147769,74,17090,620,2,1
53,45287,32,8681,7268,0,1
64,84610,17,16569,9007,16,0
68,88122,79,7508,1120,25,0
26,88184,79,17608,4563,21,0
49,60081,48,11433,953,0,0
28,103637,63,13344,3234,4,1
25,65312,40,12888,1458,29,1
50,107228,84,4827,1262,13,0
40,92943,15,18787,4835,5,0
42,102790,99,17257,7020,8,0
25,100770,6,17793,2551,21,1
62,72726,94,2916,7489,13,0
39,42211,63,3859,8888,3,1
21,49480,8,8072,8307,0,0
57,67780,95,16523,760,5,0
20,77138,32,3051,7246,6,1
46,110382,45,9214,6390,20,1
58,62503,52,3968,6553,5,0
46,77893,79,9936,1780,25,0
51,66193,82,1601,635,23,1
51,134002,13,16451,6599,0,1
45,147543,24,14257,8377,7,1
30,81358,40,6274,3045,11,1
32,100857,14,19226,9060,28,1
40,98182,92,11866,4162,10,0
61,140457,75,13368,7229,1,1
43,42117,70,9674,3954,1,0
21,148333,62,16462,5308,23,1
43,79056,89,12503,8548,1,1
57,137928,61,16624,7020,7,0
26,78706,1,15370,1044,20,0
22,90429,89,6368,6716,24,1
49,29476,66,13567,7617,24,1
37,102806,32,4825,5099,29,1
67,75006,13,11391,3923,23,0
28,107238,33,10874,5305,29,0
32,136946,32,4608,4983,24,1
49,89918,56,7878,7471,6,0
45,83155,24,2018,7619,15,1
39,87321,91,18695,1597,23,0
58,65798,4,10610,7360,21,1
34,97271,88,3500,5935,8,1
43,50177,23,3667,2443,15,1
61,116248,29,10578,2219,1,0
24,148022,98,6230,6268,2,1
59,142415,21,11255,8982,1,1
43,102215,30,5834,9666,21,0
42,63013,90,2546,914,18,0
27,120901,20,16050,9542,26,1
62,102600,16,16049,7605,16,1
36,116099,67,19529,3228,19,1
28,139578,49,19547,7703,20,1
30,73450,58,16640,5141,11,0
25,118628,44,15284,1241,10,1
57,67928,25,4423,1091,19,0
21,142640,23,3332,1249,21,1
64,112403,59,7066,2719,18,1
48,65382,1,19040,9529,25,1
45,119290,97,7038,9225,5,0
28,105038,15,9583,4960,9,0
60,20760,81,6289,8011,13,0
18,44142,98,1296,8008,0,1
66,130189,81,18470,3153,14,0
64,127532,52,6194,3070,5,1
69,37290,58,6805,6248,12,1
55,91035,41,13797,764,23,1
41,20364,44,17879,4095,25,1
64,76921,4,3995,2534,13,1
48,39797,77,17477,3702,12,1
58,126331,68,13912,9073,23,1
63,52535,7,7393,9858,15,1
67,66300,46,1720,888,0,0
43,67176,9,7325,6697,13,1
66,36105,87,13554,2571,12,0
67,27939,33,6099,9086,22,1
22,99472,33,13568,8340,29,1
37,62029,84,5026,3756,9,1
69,35863,4,13247,4519,9,1
58,98097,65,6057,6558,27,0
28,30447,34,18490,7130,3,0
50,116160,91,6305,3359,13,0
67,66940,85,12914,2893,11,0
55,130182,88,7674,7319,21,0
44,97947,79,10563,6571,5,0
51,105001,99,16316,2550,14,1
32,123752,64,17217,3621,4,1
49,39642,25,3005,9616,9,0
38,116798,55,13741,5471,8,0
63,115899,9,15602,8195,26,0
22,87643,17,13603,3854,9,1
23,27928,21,14987,4974,23,1
55,68002,60,18147,3897,11,1
39,104853,13,14543,5917,21,1
35,134614,3,10144,4268,3,1
31,137517,68,12114,6781,28,0
27,45017,4,6691,3481,3,1
63,99064,92,8059,6021,12,0
30,139694,7,5479,3972,24,1
48,33313,26,5198,3117,13,0
47,21559,75,10091,5981,11,1
20,70893,24,16068,6709,12,1
47,35167,10,5205,3999,19,1
23,100879,13,4641,7495,12,1
46,58598,44,4543,8381,22,1
25,27523,39,16424,4092,29,0
61,69777,19,6591,9123,21,1
62,48439,51,12833,6554,1,1
60,136378,19,7116,7772,20,1
61,101060,76,1761,9804,18,1
50,33285,52,3407,5196,8,1
34,30973,86,1885,8046,9,1
65,142970,47,3643,6973,16,1
28,42694,30,12125,5722,9,1
30,55774,46,2468,2949,19,1
67,24302,76,14366,6302,12,0
28,135776,93,8015,1044,19,0
48,42391,21,7323,7152,24,1
45,24611,75,9935,6827,29,1
61,29372,48,3428,7558,0,1
23,44312,62,12685,3128,1,1
58,34080,58,13738,3951,16,1
33,100618,18,10308,9229,12,0
21,132945,59,16879,1936,16,1
52,128397,91,16772,8587,27,0
65,116213,48,11633,7161,29,1
43,40874,63,18738,3562,12,1
29,82537,12,19864,759,16,1
28,93914,87,12193,8051,18,1
54,21597,34,18570,4911,26,0
42,31600,61,16281,5341,13,0
35,23747,87,5087,8461,19,0
36,99415,53,7228,1218,9,0
40,137358,25,3831,5696,1,0
55,98553,62,19132,3227,13,1
35,44815,4,12055,8046,16,1
43,104500,94,14795,9152,4,0
23,114348,94,8552,3354,21,1
21,125736,13,15605,5700,17,1
61,44714,42,12282,4567,2,1
68,38890,49,2063,3477,15,0
46,81509,78,14344,3980,25,0
51,81824,56,16898,8721,18,0
34,24725,47,3732,3993,17,0
60,63205,8,2872,9673,19,1
60,40684,55,5720,730,29,1
33,111861,88,2969,8026,4,1
19,77911,18,13155,5781,7,1
51,118078,35,12870,1751,5,1
25,131573,89,17702,5840,14,1
30,33092,81,4717,7389,24,0
59,115918,32,2374,2463,2,1
25,59770,24,9679,3666,25,1
47,45457,7,17834,2278,8,1
49,91667,13,14427,8552,26,1
53,131565,91,2940,5370,29,1
64,110751,69,3367,1647,10,0
47,82894,90,12428,3347,19,1
18,81305,42,17631,4350,23,1
60,32612,31,17862,3570,25,0
56,122841,74,13655,1120,22,0
34,98627,26,8968,1463,13,1
37,120639,86,17292,7715,22,1
41,57089,76,15743,2642,8,0
67,115295,32,2368,7918,9,1
39,131558,91,3226,1826,29,0
46,72137,97,12688,621,14,0
39,20559,52,4612,4813,17,0
61,86249,20,13199,1576,20,1
26,57361,40,11034,1682,18,0
54,100720,59,12569,1294,6,0
27,35261,77,2059,4771,18,1
53,40372,14,19028,8983,4,0
54,75355,44,14115,7826,20,0
45,117676,86,19195,9182,17,1
45,118560,82,3193,3308,26,1
59,77920,48,17551,3928,0,1
60,132878,93,17128,9325,11,1
38,52544,43,5182,3999,5,1
41,20037,16,19928,2672,12,1
59,63032,35,4868,6486,16,1
57,98233,53,9506,4407,8,1
19,61420,34,6950,5199,25,1
25,134234,3,9914,7581,20,1
65,117243,68,15141,5724,0,1
44,111552,5,12537,3968,11,1
39,149380,10,17154,6260,23,1
54,147358,52,3309,990,0,1
44,54600,29,7630,4763,3,0
46,68285,96,11693,8269,6,1
20,82008,31,15778,9450,19,1
61,109520,66,12525,1697,27,0
30,25167,76,14416,2404,4,0
62,146279,91,19407,5769,22,0
27,20432,69,17733,2150,19,1
53,89687,37,9629,3691,4,0
26,133216,27,9360,527,6,1
44,91947,87,13011,6760,16,1
51,116324,33,8953,3250,11,0
68,70903,68,4301,3379,14,0
18,112159,59,12227,4857,2,0
49,74149,64,7819,3332,16,1
42,107640,85,12782,3609,13,0
46,76768,88,3769,6258,14,0
24,80184,44,11492,3421,14,0
66,85792,95,19564,1933,14,0
20,53439,88,4345,4928,18,0
37,53257,49,3665,8198,10,0
37,125193,53,11784,8611,17,0
47,64674,74,13366,4036,20,0
52,71248,49,19926,7363,9,1
52,103602,66,10325,1681,20,0
66,65371,95,6440,3905,25,1
56,118282,63,8110,4414,8,0
44,87996,25,19815,4222,23,1
43,57297,4,18771,3142,2,1
31,74273,51,12495,8077,0,1
34,81256,11,10629,4211,20,0
35,54743,17,16533,3460,10,1
62,88752,66,19823,5330,15,1
69,99803,70,12365,5958,2,0
46,95117,73,13099,2119,20,0
37,90051,69,2316,6638,8,1
44,42076,84,6204,7180,10,0
35,130352,29,14512,2840,29,0
21,95312,85,1684,9919,16,0
18,139627,73,7440,2228,0,1
67,107483,92,12735,4085,8,1
18,22963,72,4087,701,2,0
43,139217,95,10867,6485,27,1
62,92322,20,19497,6675,9,0
37,33866,27,18341,3660,4,0
69,124504,8,6778,2213,24,0
40,52305,85,17029,8372,10,0
27,82403,61,9079,8339,4,0
28,102896,28,4094,7359,11,1
58,125649,87,15821,1252,13,0
58,146244,70,8582,614,11,1
22,52813,3,10012,5841,18,0
18,86729,69,1887,4480,8,0
34,80686,73,12920,6825,27,1
39,24512,7,7015,3318,6,1
51,139631,60,15530,968,15,1
62,42666,4,18259,925,27,1
58,36630,5,13453,8641,27,0
46,137907,11,8508,2075,6,0
21,147205,15,1556,1333,13,1
22,94519,64,9900,4606,7,1
28,20636,98,1717,4203,26,1
68,23775,13,4665,1908,20,1
38,87957,7,14891,3981,17,1
52,84591,6,11336,6685,26,1
29,98561,56,16014,6321,24,1
43,94816,64,7547,7344,2,1
68,122487,50,6196,6895,26,0
36,31351,30,19403,9295,29,0
62,135400,22,12971,712,1,1
24,140533,25,19567,6911,25,0
64,123627,28,16216,5301,25,1
24,75184,84,11606,2258,4,0
43,148381,39,7691,6280,7,1
57,131192,67,8045,9473,18,0
22,115707,5,11487,2026,21,1
38,89180,65,2237,1340,8,0
31,101678,15,11309,1841,1,0
21,93309,90,7472,2000,14,1
40,114002,67,4558,8621,7,0
59,30778,40,6293,6059,9,0
37,32501,98,13811,6426,6,0
32,132713,69,19229,9207,18,0
67,22108,95,7362,8175,0,1
69,114905,77,14311,9839,21,1
62,56382,43,4182,6957,1,1
46,111354,1,15298,3756,2,0
25,95787,22,17847,3094,27,1
58,43341,62,6760,4156,13,0
65,97214,79,8260,2586,14,0
36,34367,26,1450,3655,20,0
65,139967,18,14707,7688,13,1
56,115208,48,2915,6896,26,1
63,89868,9,10115,1478,7,0
45,32002,1,8076,3547,17,0
63,148180,9,15814,3089,21,1
44,105820,23,1315,2506,16,0
21,79949,45,5793,7283,6,0
32,35700,2,18760,6442,19,1
52,99305,14,2262,3099,0,1
54,82543,38,10319,3008,8,0
18,49318,40,14194,8971,8,1
20,109859,63,4468,1693,10,0
64,47610,82,14874,6415,18,0
41,92499,16,13651,2545,5,1
44,139256,93,15482,8296,6,0
57,93374,75,5409,8939,28,1
53,85226,6,1547,8102,14,1
51,65167,3,5891,4172,19,1
46,97779,14,10721,7681,5,0
41,47939,66,15436,544,8,1
41,81365,96,17490,2585,29,0
59,87381,95,6468,5011,14,0
21,66710,75,15923,6888,25,1
20,36766,86,2250,8275,21,0
51,122416,67,14264,5871,22,1
66,32780,31,2611,8448,5,1
40,68458,33,8928,6723,6,1
69,76221,88,2790,4823,16,0
40,138498,1,1867,7126,5,1
62,128392,44,13445,9314,27,1
22,21509,15,1327,8549,8,1
48,109493,37,4816,7591,26,0
58,130708,27,4148,9176,2,0
23,54346,48,16070,8716,13,1
54,102799,27,12573,1725,5,1
27,136850,12,11566,1748,3,1
57,66874,67,19939,9470,15,0
24,46148,30,14157,5526,22,0
56,51533,96,10322,3342,15,0
55,128144,87,3482,6198,22,1
38,142402,66,4099,2082,28,0
37,98467,7,12512,5348,8,1
20,21359,34,14675,3638,3,0
68,139119,32,10748,5255,29,1
39,110068,39,12735,2017,7,0
64,80313,96,14850,5142,23,0
21,40344,43,7732,5696,7,0
45,138499,43,8985,4268,29,0
29,89778,78,13700,6698,23,1
55,40601,3,7054,8572,5,1
68,134768,46,17952,6058,7,1
53,39116,32,2654,1843,5,0
64,76985,43,12428,5990,25,1
58,121013,81,12311,5835,13,0
22,137110,3,4733,548,13,0
30,138329,74,7811,6416,17,0
40,50782,63,9342,3010,12,1
67,131095,40,11464,6725,14,0
47,69819,18,16746,4160,2,0
54,104416,67,13543,2246,5,0
42,89035,62,11300,9187,22,0
65,117123,10,2795,8670,29,1
44,64458,52,17192,1133,19,1
68,111556,73,14708,7480,16,1
31,144225,46,17383,3220,19,1
65,28080,55,9540,675,15,1
64,108743,46,17328,9330,5,0
53,53957,75,7214,8652,7,1
56,33908,60,7145,3857,28,1
33,116188,97,3609,4892,27,1
39,115880,26,19610,5879,12,1
38,141292,27,14622,6470,28,1
38,110570,38,11298,9166,29,0
25,111324,22,4080,2458,12,1
66,98287,26,1987,7179,19,0
33,143791,86,18744,7848,25,1
48,67482,69,8546,6384,16,0
59,119329,35,16233,9040,20,0
27,142473,66,2726,9328,22,1
49,145291,99,17149,4114,21,1
51,118375,73,15268,4320,2,1
26,58314,51,14977,4822,12,0
34,120989,18,1907,5967,6,0
28,94921,43,14764,6002,19,1
49,142060,12,9390,6879,4,0
27,103768,3,3455,1704,10,1
39,128880,82,6208,6949,22,0
34,120326,7,8774,9039,17,1
21,35831,97,15556,1703,3,0
65,141026,6,16428,7058,19,1
69,40125,82,4365,1482,21,0
64,82451,45,6951,9423,27,0
42,65708,86,16175,7028,26,1
38,37682,39,12027,7155,6,0
54,122406,51,10505,6099,3,0
55,102824,9,11094,6190,9,1
66,55794,99,13167,6405,0,1
18,79372,23,9769,6831,16,1
42,59477,12,2020,9144,4,0
68,73863,88,12845,4573,16,0
53,109941,62,4844,3394,2,1
34,58737,73,4573,2734,8,0
58,22620,77,11485,8131,2,0
41,120950,40,6442,6359,2,0
19,123169,54,8914,8855,28,1
57,142033,81,8951,1947,8,1
32,55057,7,9802,601,4,1
49,60138,17,9520,7934,27,1
56,99390,50,1546,7820,23,0
23,73024,24,16530,1035,9,1
18,29677,2,9998,8000,14,1
64,64111,99,12465,2200,24,0
40,44074,92,16616,7539,11,1
56,37824,83,13717,7614,5,0
34,20765,33,16425,7969,6,0
51,65439,21,5901,6992,6,0
58,145318,74,12842,4844,22,0
46,117151,53,6708,2471,3,0
26,68926,46,3082,1212,28,1
30,56860,45,10795,4155,12,0
23,32975,9,13541,6741,14,1
23,94877,6,1260,6972,17,1
37,113677,51,14567,8260,17,0
69,97870,35,6982,4148,6,0
20,134381,82,1500,5624,9,1
34,101371,53,2015,9150,15,0
66,46548,19,11525,3343,22,1
29,120970,69,4963,8473,25,0
65,110575,25,12866,1092,22,0
64,118066,11,13247,997,28,0
62,58736,74,3706,2634,7,1
18,81562,17,16272,2949,18,0
34,60409,36,3099,5912,28,0
20,104101,90,7386,7948,10,1
43,29834,95,6338,4792,20,1
32,122192,96,19949,526,5,1
53,20840,21,9300,2753,28,0
49,99409,18,5297,4142,23,1
49,51568,60,9405,4155,23,1
21,30846,18,16094,9975,9,1
35,25899,1,16201,1586,18,0
66,106038,14,13614,8522,27,0
36,86101,8,14361,2515,13,0
60,58773,66,2040,5567,19,1
69,149789,51,13810,7623,5,0
52,127460,79,8988,7584,3,0
57,128778,60,8559,9599,25,1
31,94723,34,18371,3963,19,0
50,92762,36,1503,4841,14,0
31,127683,62,6344,6921,4,1
51,124194,1,9947,4967,15,1
21,131417,85,10533,9500,25,1
41,24311,42,15808,3396,6,1
46,129750,1,9148,3628,27,1
36,76888,96,15155,4755,1,1
23,61616,84,16193,9842,12,1
50,72134,54,2381,7380,1,1
66,111225,47,8012,1834,27,0
57,26083,39,16213,9209,25,0
36,32598,30,16212,7578,29,0
18,102476,7,14808,1788,8,0
22,137707,22,11711,9437,19,0
44,112416,50,16173,6147,4,1
33,22580,45,19271,6428,2,1
23,142834,74,10515,5302,1,1
57,132148,72,12939,1197,13,0
30,77395,91,3131,974,25,0
65,62321,10,3424,8196,7,1
52,29386,14,12576,7032,19,1
36,73171,46,10200,9202,29,0
29,39522,75,18701,9229,11,0
33,85532,6,4216,3444,16,1
60,111760,21,13826,6132,28,0
27,34635,62,1016,5884,15,0
42,20671,97,5670,1866,5,1
37,53545,19,3623,1561,5,1
48,74079,88,14350,2807,17,0
21,46855,82,17513,807,1,1
61,55790,99,15450,9688,7,1
40,71012,62,2473,9976,26,0
19,137827,83,10260,9821,22,0
39,132121,53,5311,803,13,1
68,149051,24,3736,6986,1,0
54,34260,56,2946,6066,25,1
25,85139,62,16740,5657,16,1
24,21074,34,17684,4391,26,0
31,62676,22,10176,9546,23,1
20,29475,68,12883,6224,15,0
67,98414,57,5501,6780,25,0
33,35120,10,12618,5850,17,0
36,43147,66,6914,9509,20,0
68,21986,8,1082,9664,5,1
35,129129,97,9364,4633,25,1
69,52430,38,18382,9870,16,1
33,127497,62,6804,604,17,0
25,75479,28,13293,8946,13,1
50,102966,10,13812,8071,9,1
66,22176,45,4084,7101,3,0
29,104258,65,3045,7171,17,0
28,128351,98,17588,9282,10,1
22,135188,67,14184,9216,21,1
44,104153,9,15375,9061,15,0
29,81918,5,2552,3463,29,0
34,148570,10,8816,9355,3,0
23,47115,12,1824,1189,26,1
50,122912,82,4748,7243,18,1
22,97442,58,6578,3088,5,0
45,60002,21,6197,2035,24,0
31,77124,21,10030,2528,7,1
22,26610,65,19345,2356,17,0
50,128828,3,1937,3686,18,0
67,69752,69,8595,3269,17,0
65,148416,89,1424,6585,15,1
58,98947,64,12502,6986,25,1
36,138972,49,4051,7741,6,0
39,94716,72,3905,3487,24,1
22,67993,17,13238,8635,16,0
19,30073,73,3694,6590,26,1
47,57251,32,4595,9840,2,1
64,116496,70,2267,1280,21,0
56,91437,21,1421,4905,14,0
21,58897,7,8017,2653,3,1
50,70906,7,10849,9247,25,1
30,71616,27,19484,3796,15,0
37,128719,8,17349,3813,13,0
24,24482,73,13131,4992,25,0
32,127990,28,9876,6796,16,0
40,110964,79,3226,3083,8,0
31,92936,66,5388,3543,6,1
40,59574,71,3422,8069,13,0
36,143331,47,8226,6479,26,0
46,63284,82,10269,1669,27,0
37,92932,86,13177,3762,22,1
46,27338,10,13032,7536,11,1
41,62718,33,12508,7226,16,1
35,32500,7,8316,4522,8,0
27,31545,3,3843,8892,11,0
58,81480,14,5111,2390,11,1
25,25241,44,13463,8703,7,1
43,109314,46,14778,5671,26,0
46,42821,61,19287,7164,27,1
27,24695,36,5224,7807,9,1
34,97066,13,5979,6743,11,0
19,132616,16,17809,4056,4,1
23,137276,80,3401,7804,19,0
22,34318,5,9941,5466,0,1
45,70934,89,16685,865,8,1
58,42331,38,16963,8551,14,0
22,141282,50,17427,1156,23,1
35,72672,38,18943,8852,28,0
43,111891,56,7035,8866,1,1
37,96860,63,8071,3970,3,1
58,113685,48,17531,4560,3,0
66,88754,90,3170,6099,28,0
44,105677,59,6118,1044,22,1
66,122320,77,8297,6926,2,0
29,22837,44,5163,2261,15,0
24,145261,90,9026,1456,7,0
20,140688,55,10019,9143,26,0
27,134616,55,10944,8676,6,1
51,125338,1,3939,8291,25,1
42,60077,8,6727,8773,11,0
52,99915,4,12920,1736,11,1
33,24239,85,4616,5411,3,1
19,130432,86,6405,6777,14,1
41,106348,53,11469,946,24,1
27,49669,58,9351,2665,5,1
55,68624,37,12557,2119,2,1
39,95147,49,6880,2293,6,0
43,24150,67,15096,9865,21,1
60,144210,19,2013,6505,23,1
56,31109,1,9743,1145,20,0
44,119750,29,8391,878,5,0
46,46016,87,18559,3155,0,1
64,31936,33,10355,7609,7,1
55,31036,52,6247,4084,0,1
37,59236,41,8518,1640,15,1
44,34021,23,7290,4235,2,0
58,140478,5,2308,1161,27,0
37,56943,71,10684,5936,1,0
61,133694,57,13723,8703,5,0
36,123384,6,5827,5709,7,0
37,101007,49,19161,887,23,0
52,133197,22,1059,3523,6,1
64,70016,77,7986,5235,6,1
19,43244,76,11643,8791,23,1
47,83027,4,16216,6971,20,0
51,134313,72,8860,3271,18,1
39,143351,64,14425,4669,17,0
20,58985,37,14806,7763,2,0
23,123976,31,15950,6735,10,1
32,21502,37,2592,4519,10,1
44,73836,45,15464,4770,2,1
27,119714,90,7097,6356,27,1
26,23770,8,7458,534,22,0
50,62865,40,10151,8118,0,1
49,73811,97,5166,3880,22,0
65,24001,93,7488,5976,21,0
23,80848,5,11415,8043,26,1
58,72635,28,13008,3676,9,0
53,40946,81,12170,8867,29,1
19,86134,87,18430,2653,1,0
46,115852,9,15516,5187,25,0
21,111103,2,10260,2086,16,0
18,112044,63,8636,8556,8,1
36,63744,96,5187,5922,17,1
43,137729,51,4340,4158,19,1
42,142848,31,7177,1452,8,1
27,59159,7,16941,6770,24,0
32,115812,30,4435,5865,27,1
39,43671,58,8300,3371,10,0
68,36450,3,13669,3478,16,1
65,34908,51,1965,3470,13,0
38,77275,56,8444,5408,17,0
39,64358,73,11626,2459,17,0
53,69047,10,15610,5682,11,0
51,55518,61,1500,1305,17,0
47,77813,50,5554,3600,7,0
42,116748,47,17433,2075,28,1
62,128220,90,18371,9291,7,0
45,26806,1,14291,3115,25,1
18,124733,94,7771,9303,27,1
66,60891,57,18499,6126,7,1
62,146865,38,4932,9252,27,0
21,103551,62,5434,1126,19,0
24,149335,79,4567,7384,14,0
66,59220,89,2658,3311,7,0
26,37158,70,11068,2110,13,0
53,100992,82,15161,9366,12,1
36,47588,65,8944,548,22,0
18,82576,62,6800,1886,7,1
27,108027,56,15408,2402,16,0
53,44188,67,9017,5222,18,0
26,112615,17,3815,4872,25,1
62,78830,8,1970,4342,5,1
63,24019,60,14285,7569,16,0
59,32419,40,1207,4811,3,0
49,53697,81,17643,8921,24,1
49,104932,89,6025,8306,6,0
23,139712,62,5358,6966,16,0
65,124568,41,17888,8497,28,0
55,115428,12,13490,6868,27,0
34,27973,93,2759,2185,21,0
27,128001,89,15301,8639,21,0
67,106649,54,15387,5633,27,1
44,142649,89,14667,9324,17,0
67,31136,93,4794,2922,5,1
52,104739,11,4590,3250,29,0
69,82502,60,15698,9024,9,1
38,51285,68,13332,6809,17,0
42,43039,78,7970,9198,23,1
45,86720,46,10593,4712,6,1
64,143168,38,4329,1442,13,0
32,108263,61,12036,9327,21,1
21,79155,17,15372,1962,13,1
46,36911,66,3092,7971,9,0
26,20916,72,19059,2491,21,0
44,79052,36,1287,5890,24,1
43,89110,74,18169,612,8,0
36,121623,7,3316,7683,25,1
45,37790,16,17259,2763,9,0
34,103161,14,3838,9118,1,1
60,25206,80,12829,5754,2,1
58,141937,25,9137,9758,15,1
59,105053,4,2265,3311,9,1
67,69950,29,3983,1333,22,0
37,136211,56,15689,7727,10,1
62,76361,6,15107,8921,9,0
57,81451,1,9143,4754,11,0
56,57696,39,9030,9515,28,1
66,101641,1,14122,3018,13,1
40,121192,63,11652,4167,29,1
64,88226,57,1611,9796,8,1
49,122395,67,4523,1541,27,0
69,141970,65,6424,5612,12,1
64,144121,65,10939,1207,29,1
50,66728,21,2628,7958,5,0
63,75401,30,14176,1883,10,0
22,86226,96,8907,1802,0,1
60,45103,33,4372,7618,26,1
65,54263,48,14102,9368,14,1
51,146705,22,10789,3064,6,1
57,96621,94,4139,1760,10,1
28,70044,54,12643,3703,16,1
67,77730,4,19643,857,4,1
20,45825,87,3250,5904,8,1
50,96256,55,7121,5912,25,1
28,124177,44,9181,3734,15,1
33,57271,89,16303,8583,10,0
35,97256,12,17667,918,25,0
47,66732,81,6725,8406,24,1
65,86433,79,16584,6087,16,1
27,102630,74,14219,4455,5,1
35,121999,99,9794,2093,14,1
55,120990,52,15112,5102,28,1
36,43572,93,12544,744,2,0
53,58546,76,5075,5072,27,1
30,142456,65,13778,1114,8,0
63,35150,65,7162,749,29,1
20,74165,10,8636,7120,11,1
27,83690,18,9002,6369,18,1
55,73664,47,14453,6471,17,1
18,102335,66,15633,1010,15,1
44,95199,49,18877,6468,7,1
63,148511,72,13992,5369,18,1
25,56948,22,13126,8005,4,1
68,57030,86,14090,8147,11,0
63,47007,26,17756,9615,5,1
59,120819,90,8071,573,11,1
34,111207,9,14749,9500,25,1
26,110921,21,12983,3378,14,1
23,96772,95,7586,5641,29,1
60,42024,63,11641,2626,9,0
42,132408,6,4967,2704,16,1
56,59384,14,1822,6970,6,0
66,102912,33,1221,4179,26,0
45,144161,71,7880,8589,6,1
50,122674,24,13129,1484,20,0
54,38157,73,16543,1798,24,1
26,105481,75,4888,8048,10,0
35,122120,87,14499,7687,1,1
38,108553,51,11352,4455,20,0
19,21756,2,11117,6213,1,1
60,120677,15,13772,4187,13,0
55,88112,35,4993,3545,17,0
57,111003,36,19982,9551,15,1
53,122488,92,2666,7216,27,0
67,116741,39,17312,2585,10,0
60,78051,4,12273,7033,8,0
54,120701,64,15338,3227,6,0
32,84595,74,5757,876,3,1
45,98210,6,12360,7492,15,0
35,63094,57,18938,6200,13,1
51,128850,30,7115,5190,10,1
39,107889,99,6437,3294,29,0
28,115385,74,10272,1565,7,0
30,24535,96,13126,4182,10,1
21,76035,67,17471,8137,26,1
39,142815,90,8115,1551,28,1
24,67367,15,3703,9320,19,0
60,127472,17,12151,8580,16,0
41,37118,91,19802,2873,27,0
21,79812,18,5147,7262,29,1
45,79884,19,2747,8558,25,0
32,86168,76,9232,6968,29,1
18,33280,88,16151,4474,18,1
20,34746,69,11330,9875,9,1
31,122572,24,17422,7159,11,1
55,73251,91,12276,8328,0,1
67,104821,48,19535,5341,1,0
18,103583,30,4937,9969,17,1
55,133625,15,7886,2451,6,0
55,30207,47,11282,4421,15,1
38,91127,44,1208,3924,12,0
65,47757,98,1599,7225,3,0
46,36226,27,4709,1671,9,1
22,115268,84,17597,4269,27,0
66,81407,64,6723,4131,8,0
27,47206,41,15004,2810,17,1
45,40256,96,10768,2843,8,1
38,53822,68,11316,3886,21,1
67,61340,5,19792,3567,9,0
24,131883,53,8972,2839,7,0
20,72234,8,18206,1183,22,0
62,63351,22,19979,9567,10,1
64,126311,7,16546,1554,12,0
37,68671,22,11291,7711,23,1
36,95320,46,12794,3102,12,1
52,122565,30,12659,4514,15,0
21,145627,16,8983,7801,12,0
22,55157,79,7500,848,24,1
18,39937,5,2634,1522,11,1
21,74290,67,15059,9141,14,0
29,66707,23,5814,1003,28,1
44,31219,61,18551,8777,15,1
59,29399,74,5076,1022,7,0
40,146733,5,9390,3008,5,1
42,118848,23,6442,9321,23,0
38,47657,79,4505,517,7,0
69,40047,82,18186,7923,1,0
41,120543,25,1502,1768,17,1
42,96095,8,13756,1676,10,0
62,105693,95,15262,2132,16,0
63,120931,21,17141,4113,9,0
49,92154,2,11605,614,1,0
49,64891,22,8939,9444,22,0
22,26780,72,5719,7090,26,0
53,47050,87,8748,2900,18,1
63,93551,96,3870,7268,19,1
59,88666,72,5758,3088,19,1
66,113619,68,14038,821,19,1
59,102016,64,6968,8126,1,0
56,133135,94,12659,1333,26,1
33,73010,19,18482,8903,5,1
50,121012,87,17766,9948,16,1
66,58165,82,8790,658,11,0
38,31528,53,10585,3119,29,0
26,140840,93,5271,1847,4,0
23,69608,87,5323,3664,1,1
68,25914,97,3038,7313,8,0
62,57136,52,16977,1410,1,0
52,31179,47,6461,7666,21,0
56,106008,82,9063,2951,19,1
39,32076,54,19369,903,13,0
58,143911,44,2262,2190,21,1
22,44783,97,6731,3985,14,1
59,136625,7,10903,9948,1,0
40,66716,92,1349,4788,27,0
34,70298,1,1440,8616,17,0
29,74304,63,14899,1022,11,0
40,99360,98,19946,4945,6,1
33,89835,39,4152,6959,15,1
20,149541,19,11247,7586,18,1
47,132424,31,19717,2444,2,1
39,28118,77,10614,4071,14,0
26,96292,24,17457,2060,14,1
46,143322,69,7949,5247,6,1
64,76911,87,3205,7654,7,0
54,93489,83,18855,1092,6,1
40,123088,65,14133,5827,2,0
30,35185,33,19114,1255,18,0
49,61792,59,1035,9991,22,0
63,100210,33,18404,996,18,1
69,70613,32,6534,2921,28,0
64,130012,59,9009,2098,17,0
65,53927,92,11952,4627,29,0
40,20386,41,3535,7516,6,1
62,112153,12,5963,6051,18,1
34,92728,73,13707,4090,4,0
57,96281,11,13860,961,22,1
38,50020,97,15247,5466,12,1
19,62678,19,18410,9059,1,1
54,106695,54,18670,665,23,1
23,81394,57,9512,2228,17,1
61,88945,42,14887,8196,3,0
35,135377,98,3293,5197,3,1
47,141716,71,18996,2673,7,1
39,76414,31,17860,537,10,1
50,74816,52,12356,4943,0,1
47,75918,2,11018,7986,27,0
34,111281,83,13820,2521,8,0
60,131484,38,16933,7380,5,1
49,135640,32,2947,9425,3,0
59,82694,10,16310,5021,5,1
68,49455,8,17303,9339,12,1
31,124446,90,16014,3802,28,0
27,58735,94,18977,9011,21,0
64,114702,75,10939,5107,28,1
68,125509,20,15465,6868,29,1
53,113608,20,11225,6373,8,0
51,134310,9,8704,7998,26,1
26,32109,72,17640,7672,13,1
59,65802,15,7512,6135,11,0
45,88020,98,3991,4347,3,0
28,54622,88,18801,9629,7,0
31,129935,97,8965,1264,16,1
56,149368,63,14730,6806,21,1
64,137919,91,9301,1152,4,0
36,22597,21,19936,7544,2,0
32,60597,5,10249,4464,3,1
45,60954,35,15155,5111,7,1
41,89519,85,17080,6259,15,1
25,76115,68,3042,8878,10,0
60,124988,48,19565,645,26,0
26,63151,80,15834,5601,25,1
64,145515,95,5492,4747,26,1
50,37040,90,4558,4688,29,1
50,64772,62,10813,3196,1,1
36,142431,35,4658,8740,7,0
20,116090,70,17319,3829,6,0
27,83832,97,4884,3981,0,0
57,47916,21,5780,9466,28,0
64,64871,80,6952,5141,1,0
59,141527,39,8517,6059,22,1
18,46372,34,6106,1760,26,0
46,81707,15,19550,1149,12,0
67,59080,6,5397,3548,10,0
51,126242,66,13643,2523,2,1
68,62722,88,15822,9772,1,1
30,140864,56,11462,4770,15,0
18,49048,49,4711,5833,0,0
51,105205,92,2586,2574,6,0
46,29777,1,10406,6537,2,0
65,74711,65,8138,2812,21,1
64,56331,28,8662,3974,15,0
30,145320,20,8404,3760,25,0
65,40968,48,14333,5338,23,0
66,73969,72,10837,6118,5,0
46,123345,65,10542,1850,13,1
56,31292,90,16904,9785,22,0
41,140870,51,9556,6548,10,0
43,60794,43,14355,8431,21,0
34,99459,49,13806,8641,22,0
24,137932,25,10818,7823,20,0
30,70192,74,15864,6277,24,1
22,47703,76,1981,2354,18,1
43,104193,41,11228,2766,21,0
66,89165,71,4552,1060,24,1
20,87650,64,18305,8046,0,0
24,76516,61,12938,5487,20,0
66,119981,12,17318,7707,12,0
56,149858,81,6052,6986,19,0
18,121398,69,6406,2883,8,0
66,111110,14,18858,6647,26,0
34,117885,34,13850,8164,28,1
60,42257,48,13601,2183,10,0
42,120588,61,8098,9890,0,1
20,123356,81,7719,1509,12,1
32,141750,35,16856,2772,19,1
46,103509,65,9594,3112,0,0
60,111273,59,1612,7924,2,0
49,71672,36,8286,7726,19,0
43,83308,79,11068,6563,16,0
33,97583,19,10805,4841,4,0
42,139336,42,4017,2042,5,1
45,42113,69,10926,1737,16,1
26,20694,19,12740,6209,9,0
18,142495,39,11572,2763,10,1
46,35588,69,17237,782,12,1
39,81756,52,11002,8498,28,0
33,84085,12,16818,8240,9,0
58,131359,83,4201,3786,13,0
68,134384,47,1752,8863,27,1
61,81142,76,8556,2382,12,1
68,84373,36,2341,6687,27,1
58,105603,63,14981,2775,3,1
24,26704,76,9696,7374,19,1
31,60136,82,15525,8002,29,1
46,87507,51,6565,9292,16,1
36,67361,43,15947,4290,17,0
36,78847,34,8930,2523,10,1
19,126359,97,7517,966,9,0
58,31441,49,15287,4450,20,0
62,117012,18,12829,4389,17,1
32,138906,61,3422,3092,18,1
20,34677,57,14960,7132,8,0
28,47818,93,9865,9711,4,1
63,21868,5,6985,6858,0,0
47,103591,89,7947,2047,4,1
57,143962,24,14790,7669,2,1
35,87264,93,15739,5249,0,0
68,93168,64,11971,4936,18,0
65,32043,59,4668,1203,26,0
19,91939,38,11744,7050,5,0
49,35732,33,5509,9544,9,1
25,75244,10,3500,8997,4,0
39,38526,37,10904,8136,11,0
23,29340,97,17683,9565,11,0
29,124488,87,13416,2081,16,1
64,42394,11,15833,4457,26,1
57,118557,24,19290,5090,1,0
53,24102,88,3485,3832,20,1
32,121846,71,15003,2185,24,0
45,39159,21,8459,8031,26,1
69,142366,20,7120,7411,13,0
66,85092,10,9485,6231,11,0
62,26212,89,15251,1395,27,1
35,117360,47,19257,8532,12,0
19,57405,47,7172,2846,4,0
30,97061,15,19472,4031,4,0
62,114296,44,7487,2361,16,1
32,75186,62,10964,5352,4,1
37,64239,6,12055,530,23,0
46,130804,66,7880,742,24,0
59,112993,76,1528,7418,25,0
46,143145,4,11325,6011,18,1
20,133551,23,19308,6008,3,0
36,30532,13,18246,5168,6,0
20,99054,81,11554,6587,22,0
31,92012,31,16413,7515,16,1
57,137836,16,15127,8136,10,0
21,105279,41,19026,7162,5,1
69,86540,90,16693,4503,12,0
28,128590,92,10212,1098,11,0
48,123021,1,6196,2695,29,0
60,23271,12,14850,569,24,1
49,65482,56,7999,8639,4,0
44,20209,50,8322,4159,23,0
47,110999,20,4143,6134,26,0
60,25539,66,14812,2781,9,1
19,134841,36,18854,7322,10,0
66,39977,79,6678,4182,8,0
26,94142,38,2382,3183,25,0
45,129920,22,10528,5062,25,1
48,148156,61,8114,5152,12,1
51,119588,50,10434,5431,2,1
32,88684,96,2705,5213,16,1
65,119072,59,6997,5913,29,1
42,143862,20,8962,6100,29,0
53,25607,36,12391,4603,17,1
25,105122,97,15535,2575,4,1
26,114786,15,19978,1282,15,1
54,146406,62,13129,4306,29,1
65,71939,3,18699,1557,25,1
62,38594,93,9759,2554,22,1
56,78382,91,3704,2609,15,0
49,27399,5,6725,7783,10,0
69,141026,56,1124,1820,21,1
34,146812,31,10729,8349,3,1
52,45117,86,13767,4917,8,1
54,118662,35,5807,4199,14,1
36,53617,71,19354,1232,11,0
61,27498,70,17009,7062,26,1
46,122826,26,18198,4049,15,0
24,137232,1,4101,6663,3,0
45,149851,83,2654,7055,2,0
26,131077,7,17515,5878,26,0
45,136519,36,1394,9296,20,1
23,70624,76,8319,2222,3,0
46,29628,84,4573,3312,1,1
34,20329,87,10173,8037,18,1
33,58619,25,8106,2778,6,0
40,27032,94,12147,2850,27,0
48,68094,59,6060,4123,1,0
20,58034,61,17326,7030,0,1
38,122658,29,13842,1214,17,0
43,141123,95,11933,1424,27,1
53,142666,18,7632,3662,7,1
59,106158,41,7755,4653,7,1
54,75264,19,12130,5029,27,1
39,114120,4,6589,3069,9,0
59,67850,65,12612,3315,17,0
29,24722,41,15843,7472,21,0
59,37772,15,19888,5078,26,0
30,106105,54,13015,4962,27,0
28,61679,64,13672,1388,10,0
33,88771,72,3976,6448,26,1
25,24576,15,18855,3978,22,0
57,46707,79,12891,4089,0,1
57,119404,50,7595,2223,6,1
62,61632,22,18526,1758,27,1
19,61476,18,14404,7526,26,1
47,137220,80,19952,9102,7,0
47,50285,2,18992,2730,24,0
29,44154,36,13825,7954,13,1
27,40054,20,19281,2560,23,1
61,37165,16,3192,4398,18,0
28,34439,67,13264,3113,7,1
32,138211,30,2091,7515,18,0
33,64518,55,18083,7198,21,1
34,108051,66,11093,2302,3,1
43,46962,99,3178,1177,22,0
19,73934,26,18116,8587,23,0
67,128085,57,14592,5213,9,0
29,57763,69,9704,8230,21,0
68,136189,2,3687,3504,9,0
43,130290,56,4756,9486,3,0
40,84094,84,7061,1228,7,0
35,130814,62,9623,5234,6,1
49,39464,34,5494,690,25,0
66,62036,98,2279,5494,14,1
55,143980,56,7538,4366,7,0
64,115949,55,3221,6539,28,0
20,53270,20,6164,6945,9,1
55,62299,50,1854,9329,6,1
20,105805,25,4212,4545,29,1
47,51541,84,19970,6815,18,1
18,93545,25,15385,6124,2,0
47,102543,53,13530,4658,8,0
62,111998,14,4340,4611,15,0
49,149188,60,10811,7334,13,0
45,97078,43,1275,9533,6,0
38,102970,62,13295,4451,11,1
63,49765,76,1714,5720,0,0
30,43769,69,7054,4558,15,0
44,108001,63,1809,3747,2,1
53,107404,2,14215,1716,26,1
24,40156,54,10053,6592,0,1
39,105836,16,1036,8480,5,0
27,138706,55,11273,9590,28,1
56,70481,94,13499,6086,1,1
32,33435,43,12403,7576,6,1
32,89650,61,16037,8440,7,1
21,66336,38,15017,2722,12,1
49,56135,45,18365,9949,28,0
40,93631,51,15696,8479,15,0
23,57909,42,7447,2014,28,1
41,89487,24,13583,9108,21,1
37,41468,30,1151,3383,20,1
54,112609,37,15257,4326,9,1
37,67655,53,12486,4839,3,1
29,54341,63,14507,1174,24,1
50,131663,11,10514,6789,23,0
45,84182,78,6648,602,20,1
25,71786,23,2511,4493,12,1
18,88304,80,19642,4208,16,1
54,123606,50,17615,1995,7,1
39,66514,85,8749,3892,7,0
23,140938,55,1571,8037,22,1
38,53979,55,18586,3285,6,0
49,110887,4,13232,6319,23,1
52,100981,97,10762,4159,0,1
32,75107,54,14217,5380,14,1
22,148842,61,10231,6088,14,1
63,134119,78,7609,5302,27,0
67,21160,83,15629,5391,18,1
65,107897,5,13273,4025,3,0
23,92577,95,17554,4017,26,0
42,104303,18,6151,5277,5,1
63,30846,44,7406,4689,9,0
57,149861,31,15294,7433,11,0
46,124180,94,15893,6637,25,1
24,39924,21,1188,6754,24,1
57,131193,47,14073,2413,3,1
30,33882,30,8145,7835,5,1
55,100274,55,6927,1650,24,1
35,106555,68,1599,4637,13,1
19,21095,69,14133,4636,29,0
25,124205,41,13209,8229,12,1
28,60983,45,12524,2010,24,0
50,131215,74,15317,4415,21,1
55,34123,91,10145,6825,20,0
65,113668,80,15357,3752,2,0
44,86615,30,10817,9435,20,0
37,115193,77,2870,4438,14,1
29,65278,85,19408,3011,2,0
60,117911,45,13521,1573,4,1
48,110290,45,6453,2692,12,0
44,71999,79,2827,8707,25,1
49,51153,84,17923,7883,25,1
27,38344,84,17225,5671,14,0
20,119777,45,8202,8798,16,1
62,57656,55,5438,4814,5,1
44,90515,59,13139,6980,22,1
52,149515,5,12218,3357,17,0
48,21212,32,13924,4849,2,1
32,140385,6,7716,1928,25,1
33,29001,94,17088,7223,8,0
30,98784,26,7818,7279,7,0
66,118723,37,5286,8356,19,1
52,101144,13,5739,7800,10,0
69,56427,93,3089,7145,27,1
28,51368,69,6605,8170,23,0
38,90819,25,7822,3421,10,0
68,81160,13,4321,8666,7,0
28,45854,88,12773,7744,29,0
47,30715,95,19933,1378,21,1
65,101701,20,2216,9002,29,0
52,78784,72,5885,9806,0,1
39,149193,60,13170,1821,1,1
55,119644,73,9933,4875,19,1
48,46797,21,10906,9658,3,0
31,67573,61,13236,9386,1,0
41,96120,84,3797,5505,24,0
67,34780,79,1818,8962,1,0
66,57905,26,9434,6136,12,1
49,41573,54,8926,5720,28,0
53,136049,42,13717,3527,21,1
49,149651,11,13069,3624,20,0
32,53359,37,1012,2253,19,0
60,86062,11,6894,8686,5,1
52,93391,27,8392,5599,3,0
20,63463,94,17102,4835,24,0
33,119596,83,1689,3785,26,1
22,136342,34,12932,9052,25,0
38,115018,38,12766,9425,14,1
27,36571,61,14292,1351,22,1
36,117276,87,15863,1359,2,0
42,148568,53,18386,1850,27,1
21,39142,65,8408,5418,25,1
46,45104,3,11694,6230,3,0
36,28625,67,9142,826,16,0
60,59199,28,2765,2620,5,0
19,140725,14,16237,1493,1,1
27,35926,52,6778,5875,19,1
60,51218,30,3291,2266,12,0
42,64472,58,5866,9872,14,1
37,111916,54,9429,2464,4,1
65,143182,69,11584,7101,27,0
36,40566,15,12747,3281,23,0
40,76125,38,18968,7519,18,0
41,53205,78,2307,3405,5,1
28,129084,14,3085,8790,16,1
63,49717,57,17415,743,24,0
51,69984,59,1291,4537,27,1
45,127292,8,4686,8438,0,0
22,45135,72,13579,5994,1,0
22,48164,19,2642,3209,0,0
68,94489,32,9769,8201,7,1
38,58562,95,4909,8295,28,1
29,89110,29,18607,7588,3,1
67,40169,41,13268,1547,17,1
21,79858,75,11844,4878,22,1
66,41604,45,9638,7044,23,1
59,109670,13,5373,7211,8,0
37,134605,27,12233,7721,14,0
55,108738,19,19963,9113,15,0
42,20684,26,18806,7492,20,0
31,148140,53,8558,8562,29,1
28,122537,51,14271,4301,2,0
49,135265,37,7745,5862,0,0
28,131301,9,19993,5973,23,0
35,28007,92,7734,5070,12,1
44,134915,96,14860,2952,13,0
35,120632,52,9250,2583,5,0
40,137419,54,9650,5663,4,0
28,61787,3,17487,5333,28,0
38,69582,96,18125,7301,22,1
61,94791,69,10764,3840,4,1
22,117798,8,11893,4344,26,0
40,103629,14,13842,1139,3,0
58,25782,3,5723,8596,20,1
42,86770,24,12604,8651,11,1
58,77645,13,6203,8877,13,1
27,123509,43,3976,5900,26,1
39,119724,29,8426,1818,22,0
36,51996,72,9619,9219,13,1
18,49204,51,15702,3759,10,0
24,37152,42,7486,3983,21,1
21,75186,31,7490,3519,9,0
18,127900,63,15114,5279,9,1
32,110555,26,19328,9266,28,0
57,105024,18,6973,1824,27,1
29,122659,82,14447,4904,29,1
39,39689,57,16858,9904,26,0
39,70690,7,14171,6437,8,0
67,114042,48,17317,1934,25,1
64,103251,80,6521,9229,1,0
34,77320,60,13891,8054,13,0
46,84226,33,17795,5453,6,1
63,76091,3,11687,8884,16,1
31,126565,4,1246,9878,23,1
67,99301,4,12009,9166,19,0
37,41942,42,3171,4769,7,1
67,58712,9,12523,7878,23,1
65,146315,51,16528,2937,19,0
50,125430,17,16276,5052,3,0
60,85277,17,8457,1854,4,1
32,69632,97,3060,3900,12,0
29,58031,20,4334,7696,6,0
57,40478,14,14087,4254,5,1
37,42551,22,1944,6765,16,0
47,68068,52,6361,658,5,0
55,113608,27,15638,7241,18,0
20,55561,43,6284,2337,24,1
45,22892,3,10244,5111,2,0
43,119502,88,11916,1525,8,1
47,44395,94,10509,8312,20,1
30,38756,8,13764,7746,27,0
30,136580,86,15891,1158,25,1
19,107710,89,15003,1177,14,1
54,54651,10,10866,4546,7,1
66,140155,29,1333,4321,24,0
55,86333,40,10456,2875,24,1
19,93745,65,12369,775,22,1
53,126539,21,14218,7359,25,1
43,69306,24,5656,2088,14,1
28,41346,73,13410,5081,0,1
25,133561,60,3665,745,7,1
61,48024,26,8131,9580,22,1
57,114950,9,5935,7170,3,0
60,138768,20,1415,8692,21,0
39,60818,56,1707,2684,9,0
37,25947,99,3684,3751,15,1
25,95153,36,8494,6363,17,1
46,106240,36,7180,3551,3,0
57,147192,73,15011,4271,7,1
43,146519,22,3559,9820,3,1
47,114238,1,9137,9389,9,0
34,87428,69,4971,9780,19,1
37,49754,73,3957,2919,29,0
69,83355,37,19113,7896,3,0
33,78241,83,11093,3128,15,1
63,88960,72,13951,7809,29,0
60,149958,96,1026,1185,11,1
24,147420,13,3583,3256,9,1
33,127754,84,4055,5523,24,0
62,33418,43,7801,5335,10,1
64,115422,37,2658,2472,1,1
65,120319,94,4951,1210,15,0
44,108593,74,8299,9016,22,1
40,75184,95,10933,5585,18,1
41,24833,25,13279,6146,11,0
26,95430,93,5137,5393,3,1
52,134246,88,12423,3094,16,1
68,61833,21,2714,1592,11,1
37,20565,41,12388,3455,15,0
54,60180,73,4347,8903,2,0
59,38402,42,2986,4643,1,0
34,62845,42,4544,9270,25,1
64,95851,2,18085,8144,6,0
48,32834,68,10646,3497,5,0
25,87850,8,4786,5708,0,0
32,57180,96,15415,3479,14,0
48,23883,61,19855,4105,26,1
47,129688,14,15284,921,11,0
63,95587,77,7659,1110,12,1
37,126520,21,4044,9137,7,0
56,31695,24,4883,9652,8,1
29,147135,50,16351,630,0,0
66,43123,82,19204,3147,4,1
34,78481,45,16762,7173,6,0
59,93438,64,19847,4229,17,1
47,131491,64,4371,4931,21,0
46,149525,26,9527,1524,7,1
36,37573,32,11116,7539,23,0
63,141844,57,3788,1037,25,1
28,114910,53,5125,5091,9,0
51,76494,33,4606,3583,28,1
67,32288,52,18924,1007,7,0
24,66978,95,9766,4424,11,0
61,92420,18,1220,9372,15,0
51,137845,35,11205,3112,11,1
37,96095,12,11833,5376,21,0
67,74672,51,1753,9451,21,0
55,81821,89,14875,4723,26,0
41,103661,95,8488,3647,2,1
27,89224,10,8206,2693,17,1
49,109405,52,10680,8582,4,0
69,132418,34,8938,3046,13,0
32,123673,67,19345,5561,24,1
54,74796,39,6958,5155,19,1
37,64706,8,16770,1722,20,1
20,148554,96,7635,8250,15,0
54,143777,29,9629,5519,21,0
57,24023,22,18166,4074,26,1
25,134286,84,13869,6223,5,0
57,102636,70,17603,7046,15,1
61,56735,61,10219,3523,19,1
40,92959,43,9029,3780,13,1
57,59218,49,17272,9763,19,1
28,32213,29,17673,1040,23,0
63,121519,81,17763,1010,4,1
25,142513,31,13165,6662,13,0
46,118694,53,12043,7202,29,0
47,48460,34,10570,844,10,1
27,144579,38,7886,5679,20,0
56,84680,57,2958,8583,8,0
45,137725,4,11319,6872,19,0
66,51017,2,3183,2980,6,1
53,118536,12,4774,9090,4,1
30,112038,35,15272,6319,28,1
49,50990,70,1777,7242,14,0
53,39515,72,3566,9986,24,0
54,49991,21,11095,7400,12,1
43,27634,61,11953,6138,11,0
39,97034,35,8404,6400,23,1
21,96452,48,1078,6023,14,1
48,49377,15,2581,4349,23,1
35,53001,71,15066,2277,25,0
55,21391,15,8967,9071,25,0
41,85206,6,8839,4263,18,1
40,129388,81,3162,3558,24,1
39,62215,68,18869,9998,23,1
19,99720,22,14913,2965,18,0
48,47114,32,1964,4951,9,1
28,31882,22,11739,515,16,1
45,133142,27,3673,4910,15,0
63,37273,15,6293,3080,4,0
49,126206,44,2718,5635,28,0
22,65647,86,11624,8448,3,1
55,102665,92,2228,3092,23,0
27,84892,9,11602,5289,21,1
57,62679,34,2840,8760,9,1
63,20427,73,17881,9102,20,1
41,116952,15,17920,7732,24,0
52,149669,62,8124,8593,5,1
61,86267,45,10356,1418,29,0
65,20799,84,19355,5335,28,0
40,75659,72,8587,3843,10,0
34,114409,58,4527,2986,10,1
18,27025,92,1299,7373,26,0
48,34481,19,19770,772,15,1
48,45411,16,13590,5054,13,1
59,116894,75,4963,1319,26,0
59,125928,8,5687,5792,18,1
51,143014,33,5171,3115,21,0
26,34961,74,14067,6569,27,0
39,41767,18,4695,6140,26,0
30,140895,35,10112,4484,27,0
42,71690,43,8242,5390,3,1
65,72870,50,10941,8201,4,0
35,126536,3,3700,5691,21,1
68,56135,91,18389,3481,24,1
29,84514,59,19085,3539,18,0
57,106928,28,14339,5435,16,1
34,148705,46,16834,1102,17,0
32,98798,64,12084,7959,7,0
59,90765,70,4162,7919,3,0
32,43772,47,9306,8947,22,1
32,38799,14,14137,8192,17,0
56,132051,7,3137,2987,27,1
30,149941,74,17414,1858,10,0
34,43555,79,6948,1189,25,1
49,112152,31,15693,8999,13,0
26,147219,93,17099,6631,12,1
57,39333,81,17210,3666,23,0
37,24261,51,19189,9100,25,1
43,139833,29,4569,1325,15,0
44,89002,15,13977,1691,27,1
38,66553,90,12620,6147,29,0
35,23088,76,1456,7285,11,1
30,65783,25,17832,7313,8,0
33,21115,61,1067,6141,6,0
26,90114,41,2862,1033,9,0
29,88126,69,19186,7010,28,1
61,92908,4,13754,1707,26,1
55,89109,57,12623,9108,16,0
36,22978,31,8554,1737,17,1
24,128943,3,9319,5443,24,0
52,29422,67,6895,5265,25,0
65,63626,90,14020,5336,6,0
35,109233,50,13202,959,26,1
33,76174,17,6515,9341,2,0
56,116356,60,1367,619,14,1
21,57743,74,16640,5268,15,1
42,90461,66,16461,6480,20,0
49,77199,88,15897,9009,16,1
57,149000,75,1058,6981,12,1
30,142778,24,9294,6798,25,1
62,49430,99,5507,9559,2,0
34,48834,87,18169,3726,26,0
66,44435,32,15752,9085,19,1
54,107212,87,16475,3052,19,1
23,75797,98,13137,5878,22,0
36,63554,19,15334,3728,4,0
30,74555,66,19830,576,8,1
43,105350,60,16114,3910,22,0
31,34716,66,17035,908,17,0
48,80261,15,19749,4592,28,1
21,47528,85,5701,2767,10,0
56,21995,35,8417,9435,10,1
25,42414,69,10558,5028,15,1
42,33844,27,12057,6074,7,1
30,56659,88,10214,6273,26,1
49,35522,7,12322,4334,1,0
55,125449,6,16886,4497,22,0
55,149632,33,12036,7807,20,0
45,94034,58,15060,9679,9,0
47,62322,49,18873,6117,5,1
20,87638,17,14607,3201,26,0
45,121334,42,3334,4212,3,1
20,28524,94,17096,4407,20,1
62,50846,72,1202,9446,27,1
51,93643,40,1230,1175,4,0
33,80096,46,12320,5427,22,1
39,134930,71,12683,5849,10,1
49,103804,70,3962,6668,11,0
55,67703,68,3327,3975,15,1
25,44399,1,3784,7316,19,0
25,95160,79,14485,1041,20,0
23,112662,95,1803,664,13,1
31,108667,89,13553,7592,13,1
49,143182,97,15582,1484,19,0
52,68591,52,12093,3161,19,0
27,40714,35,7396,4968,14,1
20,126167,69,15810,1117,7,1
29,55877,5,17559,8760,26,1
66,104106,17,10636,6139,4,1
48,98018,53,16306,4696,28,1
46,119854,52,13195,500,8,1
22,79136,14,6691,8877,20,1
69,53414,29,4532,4938,15,1
42,140832,8,17223,5308,23,1
58,106576,98,18927,3579,2,1
48,98943,1,11346,7219,11,0
38,143592,29,14482,8827,6,0
37,65468,36,6456,6518,16,0
56,118841,51,4413,882,14,0
39,99702,37,8085,1427,14,1
21,92108,93,10332,5559,11,0
30,118538,69,5807,1060,20,1
62,112508,53,8386,1689,1,1
59,66835,96,2940,1397,7,1
67,83333,52,1656,2868,27,1
66,62464,88,3503,5453,21,1
37,132454,83,18042,8398,4,0
69,42923,12,12030,4880,29,0
30,136062,52,14138,2898,2,0
34,81855,1,15601,6726,29,1
53,87445,7,16646,6243,28,0
50,143795,17,11645,3088,0,0
18,130454,98,15628,6856,29,1
32,141906,43,7498,4185,15,1
30,118384,71,14789,9621,9,0
34,87619,17,13195,4809,25,1
41,66146,59,19722,4899,9,1
25,80032,3,17494,3726,29,0
67,133521,29,2718,1903,10,0
44,136378,22,1125,8891,25,1
62,37140,38,17046,2785,11,1
40,22670,54,6917,9362,7,0
63,56519,93,11394,2228,26,0
25,64512,50,18988,1749,4,0
25,77811,69,8590,1378,8,1
43,123565,30,3082,3023,10,0
64,34691,23,13134,997,14,0
30,125156,85,16058,9669,22,0
56,54262,90,15301,8202,16,1
54,74892,47,6093,8078,10,1
66,45595,21,1284,5379,12,0
45,77207,20,6566,1038,16,1
42,148590,23,11757,9592,22,0
33,135589,68,9218,1966,26,0
19,53440,21,19658,8214,6,0
35,28630,21,4972,2233,8,1
34,51250,1,14679,990,17,0
47,114334,15,12573,2209,22,1
56,149228,17,5113,7211,17,1
30,128572,51,15378,2418,29,0
49,118748,63,11328,8666,9,1
67,127461,14,18673,6525,11,0
46,97518,59,11373,6599,25,0
63,94191,83,19895,697,17,0
47,84791,50,6720,2213,20,0
35,104118,34,18539,5283,8,1
30,120591,6,6153,8602,8,0
60,83753,49,7226,4344,9,0
38,130261,6,3976,1095,0,0
47,80520,69,6251,8830,10,0
38,24008,7,4499,1514,13,1
65,64464,97,17587,741,22,1
34,127408,77,19206,2863,25,0
57,20496,51,11736,1232,29,1
36,119767,1,9633,634,9,0
69,148747,13,7971,4261,27,0
32,43212,43,10507,3126,13,0
26,40637,27,14158,7679,18,1
69,65227,71,12108,2010,25,0
27,102413,3,13077,3296,9,1
61,139753,58,5175,7407,16,1
48,140118,89,3859,5012,1,0
40,103346,97,3962,4802,21,1
69,29884,17,14616,2143,13,0
47,136481,45,18751,4906,25,1
50,88259,78,13857,3864,17,1
69,69810,58,6210,7268,1,1
26,149926,56,3909,3911,19,1
64,24761,54,11408,582,18,0
18,93166,87,4405,6196,23,0
61,147342,88,16993,2940,7,0
52,36375,29,15923,6260,5,0
28,127045,54,1820,2282,19,0
51,45218,27,8255,9296,6,0
33,50565,45,15941,6926,24,0
26,122654,87,12017,8406,12,1
49,52975,31,5453,9422,1,1
32,47073,36,13206,1860,21,0
29,89726,81,14710,2578,6,0
50,21883,61,15860,1477,0,1
62,88422,37,9086,8293,5,1
31,69629,67,16776,2137,15,0
25,84170,36,19050,3800,7,0
25,94489,5,8389,4504,12,1
44,28381,46,12774,1082,22,1
29,43238,79,3200,9151,17,1
18,33795,52,13142,8827,13,1
60,115964,49,18367,9669,17,1
57,82999,6,7051,8975,28,0
59,69907,10,5115,2898,3,1
68,29638,96,7371,4612,14,0
28,90467,23,7587,1738,4,1
56,62623,17,11607,3966,20,0
60,58492,84,16234,6018,13,0
48,46411,44,14930,5863,15,0
34,130724,41,10080,3666,14,0
50,40534,15,2883,1279,10,0
49,122364,44,5821,2634,1,1
46,49181,58,4822,2736,22,0
38,123069,86,9338,2139,23,1
38,39996,50,19100,9111,29,0
57,92089,52,3477,4189,17,1
40,125682,70,14135,5455,3,0
23,103609,68,10655,8898,14,0
39,136004,63,11437,7872,11,1
67,92666,58,16332,3890,26,1
55,49405,23,10502,7750,26,1
54,121490,44,1368,7749,2,1
62,146900,83,14598,4296,3,1
68,91325,95,3747,3034,20,0
25,48930,44,8562,2680,15,0
58,134426,52,8139,4806,5,0
66,37529,67,11010,4727,1,1
52,73546,28,7704,1946,25,0
68,27942,67,2887,1451,21,1
28,27548,78,12975,4521,8,0
41,135248,18,17443,5985,11,1
66,38296,27,1544,2217,11,1
38,71016,51,14555,4742,26,0
68,117780,60,18614,4305,23,1
19,20296,74,15813,6413,13,0
57,87945,49,14333,7975,16,0
36,79980,15,17942,5310,8,1
56,76782,83,15684,2096,11,0
45,54229,73,9861,7094,26,1
34,116382,68,18454,3716,9,1
23,73444,15,2050,9598,10,0
36,55036,51,15292,6255,1,1
55,135682,48,16756,6783,27,1
45,149114,72,5022,1837,15,0
19,59322,1,9336,3474,26,1
55,134695,7,3634,4973,0,1
54,47167,53,8288,9052,21,1
68,71667,31,9992,7326,28,1
69,114527,18,2485,6167,0,0
21,103337,12,18056,9264,21,0
39,71468,48,13166,8513,1,0
43,92894,30,18798,3544,11,0
66,73084,97,4894,5518,26,0
60,83138,7,4846,2733,22,0
53,42588,92,15481,6137,22,1
30,82901,3,10386,7967,27,1
69,37671,63,19408,3746,19,1
49,145724,6,18741,4541,17,1
34,103038,95,15996,2389,11,1
58,110664,15,9048,8176,26,0
53,51645,71,1568,3155,22,0
63,27637,43,7490,4218,0,1
36,20660,94,2945,6035,27,0
52,127211,91,17791,9748,26,0
63,26922,81,5228,2629,10,0
57,113697,18,12945,2130,1,0
45,64721,22,9805,5560,11,0
18,77256,61,8131,1491,1,1
59,141025,61,3218,5090,16,1
35,137217,53,15975,9885,24,0
65,89506,26,16609,7366,5,0
57,88943,91,8711,9394,15,0
50,144338,40,12991,9722,18,1
29,47843,88,13105,5421,27,0
25,29046,8,17877,8521,5,0
41,109336,21,16238,2981,6,0
33,83985,93,4868,9254,18,0
67,100083,43,12526,6781,19,1
21,123064,21,11060,9058,25,1
55,116925,3,6433,6749,16,0
61,146417,31,18822,1293,5,1
44,136585,27,2352,5231,14,0
26,50346,27,9236,1486,21,1
64,108284,73,19764,9649,8,0
33,143152,57,5560,4095,1,1
29,131769,97,17583,1354,4,0
48,122391,33,16560,2069,20,0
41,111384,90,5424,2756,22,0
31,73526,92,8847,4603,4,0
62,93143,44,15195,4676,11,1
42,56787,43,5797,8461,29,1
51,53583,31,15309,5754,9,1
20,32563,65,3407,8929,3,1
41,66060,84,4791,8406,11,0
59,149537,76,7508,6501,14,1
26,141943,17,15407,2232,9,1
43,134462,15,10629,1314,27,1
37,53690,34,1126,7535,29,1
57,131233,80,10812,1686,17,0
27,114712,4,8694,8081,23,0
36,34925,72,4319,2725,4,1
20,106787,98,9673,9676,12,1
41,103184,89,6431,6923,3,0
22,40108,79,5378,9489,8,0
20,96515,28,19505,5673,17,1
44,88258,73,12012,9235,2,1
33,25355,2,7490,6382,23,1
66,66069,17,11563,1019,10,1
32,114335,58,17622,5541,3,0
52,120854,74,2420,1954,8,0
29,74471,9,15672,7370,25,0
58,52705,31,1340,7713,28,0
61,63909,66,12542,8259,11,0
43,108606,88,8520,9750,25,0
64,148501,62,12185,9804,9,1
51,136361,19,5987,3906,9,0
40,73739,81,13749,1446,8,1
48,96820,74,6412,4530,9,0
67,107273,55,8670,8827,8,1
37,43241,28,19879,1292,0,0
29,47414,92,14766,1636,21,0
40,70818,50,9323,1054,15,1
21,40895,65,2857,7537,25,1
40,112307,3,15455,3903,13,1
65,82409,79,1504,2754,12,1
65,75324,52,8467,1866,5,0
18,86920,10,19540,1448,13,0
42,73555,21,9484,8795,7,0
19,138642,37,12842,8309,22,0
47,85453,15,5923,7707,22,0
20,42689,87,10251,9738,17,1
38,84356,78,16920,7919,28,0
42,113011,79,11495,4526,27,0
37,28252,74,14319,6456,26,1
66,50844,9,10393,7869,19,0
69,115687,44,7900,7822,0,1
39,125542,39,3160,3114,11,0
38,43365,5,17236,9655,26,0
50,26026,25,7221,3771,10,0
69,118303,56,11038,9529,12,1
55,48523,90,9255,7884,22,1
32,141297,64,3699,6178,3,1
63,30482,72,12125,1381,24,0
69,132105,86,16401,3688,5,1
32,68888,52,1372,3834,21,0
63,133884,89,15544,2698,24,0
42,126968,76,19898,8903,12,1
38,70110,9,18315,9907,23,1
41,110644,10,2990,9572,21,1
22,20493,10,10607,1254,12,0
23,76194,73,7790,5717,5,1
66,102001,62,9553,9392,21,0
60,59767,90,6383,870,3,0
65,49550,99,16575,2232,20,1
61,33833,91,1715,5759,2,0
64,22970,60,10837,1301,24,1
40,118315,95,18931,6899,29,0
21,115494,19,14950,9681,14,0
44,142512,38,8992,5271,10,0
35,147424,6,18035,7507,1,1
38,133855,15,2050,915,26,0
45,102681,93,14357,3837,22,0
52,121489,47,5742,5758,16,0
39,69177,45,14369,8527,25,1
57,87342,5,6044,5557,27,0
40,141339,78,11288,7467,22,0
20,91200,53,8261,2120,1,1
57,81501,66,11846,6482,20,0
67,48900,62,19064,8493,0,1
27,34126,23,10799,3292,4,1
42,131198,44,4522,9264,26,1
69,90690,52,14690,7886,19,0
66,107744,46,3057,5393,16,0
25,99303,19,3721,5596,27,0
28,105579,88,5821,5356,29,0
22,67994,84,3563,4155,0,0
62,87061,47,15559,8984,6,0
54,119064,91,14692,4793,28,1
62,36978,52,16661,579,2,1
55,76344,24,1202,4808,25,1
46,66648,17,1941,2362,15,0
22,21055,89,17972,1118,15,1
26,95582,46,9762,1459,11,1
65,121387,64,10537,4235,8,0
19,101214,95,2642,8614,24,0
18,64876,28,2365,2668,13,1
57,138363,50,8556,3745,11,1
68,112160,64,1008,7735,25,0
47,127954,28,17915,1661,26,1
28,58725,86,2035,2540,24,1
45,25255,56,13763,8660,15,0
61,94947,59,19001,6149,16,1
29,73380,5,7722,9791,11,0
56,134648,54,18460,7818,3,0
43,73333,44,5015,7983,16,1
30,62459,42,8129,4632,0,1
25,136518,72,3962,1344,29,0
45,56163,92,5840,6277,24,0
47,53971,57,18296,2143,20,1
26,116771,47,16337,1763,16,0
56,85149,76,6699,3434,10,1
48,147150,25,6922,6639,18,1
38,104730,44,15862,7674,22,0
64,39476,15,14598,715,29,1
51,88580,51,2898,5276,17,1
48,140759,53,3822,2840,19,0
69,125576,34,5484,8206,1,1
42,106593,77,14052,2590,8,0
29,89050,8,19038,1616,27,0
18,95526,77,17975,8250,8,1
39,124496,70,2848,5834,11,0
57,129071,96,14269,2661,29,0
54,134832,21,4041,3756,12,1
64,27507,7,17551,9840,15,1
18,90393,90,5379,3676,28,1
18,32118,79,8661,6880,12,1
59,70529,56,7967,3845,22,0
59,88682,49,13199,7496,13,0
38,111937,42,16674,9832,6,0
32,74176,23,14531,3433,1,1
34,135481,52,19565,8241,11,0
39,111713,79,1832,6155,25,1
55,124060,53,15210,2948,27,1
52,24414,16,18405,1327,23,1
62,103030,96,11185,6396,16,0
33,140360,37,4492,1703,23,0
25,105973,18,12862,7119,4,1
64,82137,20,1288,7298,28,1
34,23937,46,8816,1344,19,1
34,56731,2,2076,3471,9,1
43,106862,87,16564,1768,17,0
30,58665,94,2371,5244,2,0
34,94510,63,2074,8235,12,1
55,132681,3,5934,4030,12,0
34,37500,46,1039,5585,9,1
65,134360,49,5274,9495,28,1
31,21750,1,17566,8819,1,1
62,85018,22,6496,9643,26,1
23,145456,93,13992,2764,27,0
52,24027,14,3508,519,15,1
63,129832,92,13018,2281,3,0
31,25745,85,9072,7357,18,1
64,81731,45,14348,5334,4,1
25,106984,96,14910,7796,6,0
32,127983,6,14952,9248,8,0
44,48451,65,17065,2744,4,0
30,113743,21,1318,3483,7,1
66,91474,4,12818,3225,1,1
48,81536,3,19787,5099,21,0
52,32150,30,14982,5866,23,0
23,33406,31,11856,5387,24,1
22,39781,34,13516,696,26,1
39,77417,83,1728,5726,19,0
66,136047,20,2287,3328,19,0
40,143971,87,5001,4488,6,1
42,123157,54,9752,6232,28,1
51,38325,25,2375,5779,3,1
43,88684,15,15970,2969,20,1
64,114415,38,13078,2130,14,1
22,134547,23,1024,3778,17,0
43,93469,52,18538,2538,1,1
37,29436,66,13657,5932,26,0
23,37669,57,18843,5521,13,1
23,147385,57,16583,4830,9,1
67,92010,79,5706,6970,4,1
35,132983,52,14663,7577,11,1
21,96764,35,16844,5261,9,0
34,119074,74,10412,5719,25,1
31,21843,14,19540,7501,28,1
31,85609,91,6979,1887,17,1
30,70812,14,8943,1141,27,0
24,36059,99,9911,6112,5,1
61,106269,33,8486,7710,27,1
32,141790,52,2105,1074,21,0
36,60768,1,4769,9710,11,1
60,45395,34,3479,8296,23,0
64,40202,19,11112,9091,27,0
61,33273,24,12271,5190,0,1
52,68889,4,5731,1956,6,1
34,118635,36,12361,2095,11,0
52,136109,77,17087,8808,6,1
36,93048,58,4172,8486,8,1
37,113767,32,15041,9074,19,0
53,108810,9,8068,2629,14,0
52,123235,80,7557,1331,22,1
49,144571,67,4330,5468,11,1
65,65510,20,7022,3981,12,1
61,107945,74,13643,2617,21,1
57,131730,62,3058,4982,3,0
41,139096,58,19254,2506,9,1
34,90649,22,4621,8988,27,1
24,126723,67,10337,7260,23,1
60,22881,75,4991,9410,2,0
67,65913,89,12565,6194,23,0
18,131860,48,9503,6562,28,1
52,104785,8,18158,3579,4,0
49,85037,73,16337,5778,3,0
53,82457,15,12112,510,18,1
30,55343,32,14761,5380,14,0
23,82389,53,11023,910,29,0
31,98250,67,9885,1098,27,1
54,124489,4,2376,1323,25,0
65,28656,30,6939,8376,22,0
32,25741,13,10181,5717,28,1
64,36661,21,3846,7586,6,1
21,117091,41,7817,812,28,0
57,48690,19,8430,7171,21,1
33,52833,48,12151,7200,2,1
45,122566,86,2716,2992,24,0
33,91240,63,7780,730,29,0
21,133659,20,4331,4240,26,1
62,126898,64,10081,543,15,1
43,97711,37,18762,8032,14,1
45,77141,31,5275,8592,17,0
49,98232,74,11556,7778,2,0
62,59023,18,14555,3957,13,0
19,60209,20,17615,5884,0,1
48,113590,82,11004,6115,6,0
20,146324,11,6422,6006,1,0
25,106612,86,12188,3495,9,1
41,100522,44,1247,4138,23,0
32,131654,82,14598,8017,24,1
60,34440,64,14227,3784,15,1
48,139107,34,14811,8862,11,1
26,27960,87,4741,4841,26,1
56,42462,65,17446,1116,29,1
62,145919,55,2551,739,17,0
19,37821,74,7306,6552,5,1
25,77772,1,4005,6954,26,1
24,47258,38,4322,9614,16,1
61,112889,9,17008,5387,7,1
68,108952,95,8997,2404,20,0
56,82524,71,13466,6665,8,0
59,42115,17,13516,1312,18,0
33,138066,99,18266,5499,1,0
52,66433,52,1393,8142,6,1
47,110504,18,3739,2230,10,1
27,108267,63,5167,9523,22,1
55,108321,33,14194,3924,12,0
35,124933,4,5231,6562,9,1
67,99364,87,2401,2707,14,0
22,90077,75,9086,3868,20,1
46,60644,52,1905,5971,6,1
56,82643,9,1529,2727,27,0
51,33311,64,9011,8139,5,1
60,143221,30,16001,4880,24,1
62,143012,8,5618,2320,11,1
40,149466,5,17956,9340,2,1
22,50531,76,18027,688,15,1
47,34588,63,15908,9914,19,0
23,69416,1,8013,5721,8,1
63,32380,15,10484,9170,9,1
61,62645,89,12787,7246,29,0
21,37818,82,13834,5112,12,1
46,50857,38,6605,2388,7,1
40,41711,42,11677,2050,25,1
23,25097,46,17938,7559,5,1
49,136348,53,15051,5733,27,1
59,48393,26,11766,6135,2,1
35,42076,61,11416,533,11,0
32,104274,67,16009,8987,8,0
57,77609,54,14874,1929,8,1
49,49317,22,10185,5746,10,1
26,124765,26,18505,2487,5,1
54,78480,83,17439,6771,1,1
27,27044,60,15660,3382,6,1
37,91033,39,9849,2047,8,0
23,139237,36,5736,962,24,1
65,75486,21,3609,7207,18,0
20,75162,41,15675,5805,17,1
59,99287,48,4909,1013,11,0
28,49882,26,17787,5674,20,0
60,74078,63,15867,4066,10,0
34,78734,77,1794,4303,9,0
49,127608,36,18945,4438,28,1
21,128730,24,16369,1971,22,1
21,63826,90,11833,8503,2,1
34,107985,21,11856,837,11,1
58,64028,18,7795,7551,3,1
36,71331,15,6492,7944,9,0
22,139655,79,16794,3912,1,1
49,118938,6,11149,2892,11,0
39,138319,43,5999,1476,27,1
23,52543,31,6197,5478,10,0
52,144279,28,4562,4568,13,1
39,49362,8,19078,1371,14,0
18,47315,29,1855,3909,13,0
37,47746,21,10487,3089,25,1
39,30057,81,4621,2049,28,0
65,131649,88,5206,4961,11,0
28,62915,58,2038,3121,28,1
30,41061,60,5596,3029,1,0
59,71370,50,15151,7662,22,0
20,54157,31,5370,8851,1,1
26,131375,47,4447,6899,0,0
29,31322,34,16903,3081,19,0
40,89812,2,16326,7065,14,0
31,97842,67,15056,7605,29,0
50,54017,94,6229,7456,21,1
35,76792,72,3241,3434,9,1
66,47742,52,8818,2811,25,1
58,117136,7,7998,3295,19,1
26,84808,76,11155,4828,0,1
40,140400,19,7444,7323,0,1
27,149198,90,4015,4828,24,0
36,37629,92,15903,4088,0,0
64,148614,15,7815,3616,22,0
22,28245,78,5864,5153,10,1
64,116950,48,10676,4247,27,1
69,63870,14,5234,7324,27,0
40,115634,3,15147,1959,11,0
47,84829,50,19723,4930,14,1
42,134530,93,9526,2951,13,0
45,30588,54,7842,7831,22,1
51,20442,6,2858,4590,0,0
62,125280,49,2207,9463,0,1
65,122979,23,18308,5541,5,0
64,97339,92,6429,1611,23,1
42,60721,78,8591,9973,22,0
27,57145,78,13944,4085,21,1
31,30599,20,6892,8101,25,0
59,92594,77,12777,2873,2,0
63,102742,91,6945,7342,13,0
47,97430,60,8691,9033,27,1
58,22939,99,13548,5598,26,0
42,141784,45,14673,5223,22,0
31,42149,61,5027,3318,5,1
52,147616,56,13456,3425,7,0
69,86567,2,5295,9964,19,0
65,30208,45,13869,1209,24,0
51,86098,40,5661,7492,14,0
27,129034,24,15730,1238,16,0
52,69492,29,13034,5090,27,0
28,40951,67,19782,6587,28,0
28,68920,68,17411,4218,22,1
38,66766,66,13142,8701,8,0
38,77014,84,2898,5581,15,1
39,48351,54,13919,3078,25,0
62,104216,53,8300,2058,29,1
24,69386,79,3427,4500,0,1
34,107122,49,2625,5045,25,0
19,29308,32,11767,5839,15,1
29,79252,61,19420,9556,18,0
59,95145,42,4355,3216,22,1
35,115031,1,15053,4802,8,1
28,103211,63,5902,2309,29,1
33,48064,35,16786,6330,16,1
66,73879,51,11266,2497,5,0
68,146534,71,9280,3431,26,0
35,28720,45,15954,2630,13,1
52,146204,77,12996,4912,17,1
43,62940,65,15046,7013,20,0
33,99993,14,15205,3296,13,1
23,88475,93,5961,8248,22,1
61,67113,3,1032,6823,29,0
60,68926,24,5698,7245,6,1
64,58203,65,9887,5702,9,1
64,108901,48,9716,2055,15,1
65,25392,10,14335,8681,6,0
59,45905,13,7177,4943,27,1
29,93508,73,9438,9022,19,1
30,70385,14,4926,5205,27,0
21,50653,10,16378,5339,5,0
56,111865,40,11288,4458,26,0
19,104720,23,11154,5164,25,0
43,145813,99,3959,9662,5,0
44,34799,55,19611,1246,6,1
44,80103,63,2393,2684,24,1
32,137463,71,19407,8446,21,1
25,35052,42,14025,5821,27,1
24,26044,99,7064,9710,25,1
64,39871,66,7639,7648,16,0
63,109303,79,3478,2524,7,0
57,132719,73,8929,6673,1,0
29,40234,47,10173,3211,18,0
30,145407,81,12415,7518,27,1
60,41381,52,9418,7697,20,0
34,37274,18,18650,2202,21,1
34,132162,79,3057,6029,6,1
53,107840,18,14703,7716,11,0
38,144945,24,15383,8155,19,1
25,103108,23,14935,5917,2,0
22,123948,12,11443,6824,24,0
43,147177,23,3941,4373,3,0
33,69892,21,1156,8813,24,0
53,70521,64,13255,765,24,0
45,111501,90,18144,8719,10,1
46,103920,72,9965,5878,11,1
64,103391,94,18341,2624,29,1
29,37920,34,15805,931,18,0
54,36702,2,17637,5474,18,1
47,145144,69,18953,4277,28,1
40,123457,31,8505,7537,29,1
33,21894,97,13405,1585,10,0
31,50985,68,13837,6695,12,0
27,48287,70,9999,6759,23,1
24,147699,87,10973,2985,0,1
62,145702,19,12855,8792,5,1
69,93527,72,7557,5898,21,1
54,35439,13,10071,5578,24,0
46,148676,65,6088,7702,15,1
20,114620,6,17384,3548,1,1
32,62235,71,17550,7002,13,1
53,47659,27,3063,1299,23,0
64,44976,79,9303,4322,22,0
63,124239,52,12631,6111,17,1
69,102643,98,2125,6509,16,0
36,87865,87,3641,9987,19,0
30,127631,48,18813,5763,17,0
59,88306,88,11235,9126,18,1
38,76697,79,13794,6070,29,0
54,90382,99,19018,9607,14,1
44,36651,68,9862,5140,1,0
69,69044,44,4111,5833,29,0
46,34633,17,2690,9339,24,1
37,99164,95,16740,2795,3,1
42,20569,38,16094,1931,0,0
23,79900,10,16875,5672,7,0
53,87509,54,10156,2861,19,1
19,143425,91,17664,8041,13,0
39,121126,6,5446,1223,25,1
49,139148,6,11158,2047,10,1
33,147522,52,3808,9671,26,1
35,53038,15,6402,8775,23,0
22,69088,68,2964,1865,23,0
53,93177,57,18206,9241,24,1
47,94466,56,10629,4353,13,0
62,92216,7,3061,5182,27,1
36,86793,51,4865,6460,15,0
40,93786,58,5294,8843,9,0
51,58138,64,15171,8189,6,0
30,83310,26,13965,5657,15,0
60,48757,58,13228,3998,3,1
46,90394,31,16651,3485,11,0
53,126885,66,17461,2067,11,1
39,99027,92,3159,8903,29,0
69,110830,13,13822,7169,1,1
69,76151,18,4187,4691,5,0
64,130740,94,8135,7656,19,1
53,131174,75,14508,9213,14,0
26,69272,13,1789,7017,14,1
56,26908,24,18947,5635,21,0
68,30844,57,2322,7251,15,0
36,71455,29,14387,8709,23,0
55,123165,56,7673,7674,2,1
23,88447,54,18886,2219,0,1
69,94527,5,8116,8561,20,0
64,97108,35,19043,4514,11,1
32,63066,19,10507,1378,14,0
37,115229,55,4062,9285,18,0
26,60004,77,19454,6772,5,0
49,58333,69,11868,2109,18,1
21,141219,44,3553,9567,16,1
67,103029,78,18428,7214,8,0
35,59697,38,10979,5609,20,1
22,37634,62,6957,2948,12,1
37,145520,22,12727,2636,14,0
40,44561,73,5578,7466,15,0
28,38033,40,6621,2553,12,1
54,92887,26,2966,8263,1,0
39,75063,5,11548,583,1,0
21,45921,93,14864,3168,10,1
46,39340,54,19634,5731,29,1
61,82781,86,12679,9390,24,1
51,34901,49,15975,2320,27,0
30,30638,3,15167,4914,15,0
59,58596,92,3014,7749,16,1
26,106914,38,5624,9790,25,1
59,64324,14,6868,7072,2,0
48,108356,47,15626,8127,27,1
24,110596,14,1804,3394,28,1
21,52642,75,18718,3917,28,0
36,142302,73,1667,748,25,0
59,45378,38,1384,8310,26,1
47,70867,64,12316,2390,22,1
48,93686,44,4440,8380,29,0
52,62875,70,17396,2615,0,0
38,138171,65,8726,7081,17,0
48,109595,25,12199,3563,13,0
36,120061,16,6403,6151,21,1
48,103729,15,7151,2306,8,0
49,84377,98,13359,7800,27,0
19,149267,81,16227,8987,8,1
69,74691,3,11057,3194,11,1
27,140736,67,1100,5993,23,1
19,129503,37,5978,8723,29,0
19,113337,81,10504,5150,2,1
41,84303,55,11988,8626,1,0
34,80839,38,15531,1292,0,0
49,145200,63,7534,4691,26,1
33,69063,1,17833,1589,26,0
33,111782,71,12631,8921,8,1
63,148824,90,12693,3280,12,1
56,98343,19,4167,4997,29,0
48,103071,52,6380,1289,20,0
60,25492,30,14823,4694,27,0
41,141399,55,12629,4957,15,1
18,51357,14,4856,7171,18,1
28,91838,13,2075,5135,9,1
38,52314,84,16755,6461,25,0
21,68697,90,11914,7238,26,1
24,90283,27,1701,5655,4,1
43,79567,89,4348,813,13,1
64,67006,9,9185,7133,26,0
67,80011,41,7836,732,14,0
29,126706,48,14304,6235,27,0
48,30686,12,11638,9721,2,1
34,57449,10,3249,8349,8,1
50,81606,6,11705,3211,28,0
28,38891,34,10374,8440,0,0
45,72115,52,9118,3844,0,1
49,121732,41,3551,2622,18,1
18,80719,83,13550,4279,5,1
64,115464,6,3214,6154,10,0
45,93030,2,9534,9572,29,0
59,56723,15,18101,1672,17,0
24,49877,17,3460,7817,13,0
19,138393,16,12928,8244,15,1
59,113517,28,4255,659,0,1
41,34026,85,6334,8463,23,1
21,40422,72,13281,2629,26,0
61,29244,10,7830,3578,9,0
36,53481,10,8754,2729,24,1
43,109180,10,7940,3417,9,0
28,129384,73,11722,3513,12,0
57,141699,28,4632,6826,27,1
67,78031,24,17029,2079,0,0
60,28521,19,1014,2460,2,0
28,21746,97,12581,8402,13,1
62,103127,68,15157,7157,20,1
20,112254,56,12506,4344,15,1
29,135472,67,9208,5197,22,0
20,88232,42,10971,2890,25,1
59,32012,12,19333,1919,19,1
44,100224,18,9272,4417,5,0
66,43457,23,4079,5442,0,0
19,90572,84,9127,8854,19,1
66,125431,6,10210,8807,23,1
33,49960,53,16014,8070,4,0
19,122022,98,16646,5698,7,0
47,107695,42,19208,6502,11,0
37,27910,66,4864,5642,0,1
55,22693,30,11661,4352,12,0
45,135313,9,19897,1042,25,1
42,35858,91,11322,9105,8,1
49,48810,42,7710,9373,19,1
27,40092,34,9516,9333,24,0
59,108779,40,15386,4478,23,0
57,68700,88,14338,1932,7,1
50,78105,17,16316,9360,12,1
30,50505,29,11203,8305,27,0
58,93228,50,5888,1468,1,1
59,48555,76,12325,6300,14,0
64,91934,95,10386,8345,13,1
54,92788,49,16645,9872,18,0
33,97257,73,7260,6091,25,1
62,37939,61,12267,5883,8,1
39,31825,83,16419,7970,18,1
37,110787,46,14086,5319,29,0
67,122491,46,3904,8132,13,0
60,44151,17,12492,3735,7,0
44,148068,66,2123,5755,4,1
58,20036,5,14430,751,29,1
33,113948,54,15999,4800,6,0
51,103707,16,19654,7909,3,0
49,59051,81,9121,4498,7,0
43,118297,91,19642,9482,3,1
42,100738,7,4646,5680,20,0
19,93596,8,14173,5921,29,0
29,80071,72,8025,1995,0,1
57,93601,87,13549,8478,25,0
26,49873,96,15853,8641,7,0
29,56648,82,18655,5878,6,0
43,91468,38,9989,3077,10,0
26,46470,54,12326,5806,20,0
27,85129,76,4463,8633,15,1
49,28328,15,15388,1735,21,0
51,26333,92,15075,1558,16,0
65,140447,50,11547,9862,23,0
37,141173,56,5941,4159,24,0
56,66638,95,17010,5868,26,1
19,31268,9,1897,556,4,0
18,90603,8,9244,7972,25,1
68,133920,19,1605,3069,6,0
53,130379,51,4677,4580,9,0
41,37045,72,5547,6877,12,0
44,60741,98,9652,2448,19,1
19,108306,57,18158,722,14,0
48,62770,68,6256,5717,5,0
31,27887,31,17333,9527,1,0
19,118718,3,15730,3036,3,0
46,117906,99,6156,3025,20,0
32,125154,83,6773,9676,13,1
29,44918,43,11886,1857,24,0
54,55497,29,16930,5387,28,1
45,113562,10,4518,8222,24,1
37,81009,12,7775,6482,23,1
56,31929,46,6378,4977,28,0
41,133292,30,14634,1871,14,1
38,122201,94,7673,3724,27,0
27,147121,82,7444,2374,13,1
63,81762,88,15176,3861,3,0
31,120473,32,10379,6604,5,0
54,99099,73,4727,1642,6,0
35,136566,47,15225,4809,12,0
41,48546,88,19373,9256,16,0
31,141142,63,16468,7398,28,1
51,98424,26,5345,2088,16,0
29,57338,3,9174,5498,3,1
39,145497,23,14052,4842,18,0
23,54283,75,8046,3862,25,0
53,102494,74,5186,2136,19,0
62,98170,50,17722,6727,12,0
53,104787,36,10853,1744,28,0
39,66566,13,6968,7414,8,0
31,105464,29,13456,5806,1,0
33,122781,38,16498,5014,29,0
53,148279,77,8684,8950,19,0
42,101991,90,16543,2858,22,1
49,112680,84,9361,6115,17,1
50,48013,5,7505,1768,23,1
62,72132,20,7387,9631,25,0
53,143997,78,12291,2876,19,1
37,107412,14,13806,8887,24,0
35,112498,8,3610,3596,29,0
55,48084,48,3473,4135,16,0
20,127855,13,3688,1061,6,1
40,41143,24,5804,8731,16,1
49,111627,79,2290,8239,26,0
62,142772,65,11227,7371,9,0
33,34179,86,19991,3004,26,1
22,118343,34,19072,7521,24,1
21,78726,51,7511,6471,13,1
38,30222,3,9197,8376,27,1
57,79965,90,9714,9479,25,1
68,140061,78,7672,4597,11,1
31,147941,58,17449,9821,28,1
56,84068,72,3981,7322,25,1
48,43949,55,13785,6378,11,1
31,36116,80,15666,5009,16,0
23,71052,42,3815,6686,18,0
29,71369,21,6096,4060,27,0
33,68817,10,14950,6179,22,0
34,123100,57,19401,3185,13,1
62,122910,25,7673,7112,28,0
40,103203,56,2742,5321,16,0
31,94311,38,6720,8307,14,0
24,49655,86,4509,1912,20,1
63,77802,61,13273,1721,5,1
49,67632,47,4534,2749,29,1
32,34193,54,15685,2739,18,0
61,100212,46,6136,4702,28,0
34,50776,68,6585,8373,21,0
58,63225,4,9554,7393,19,0
64,80010,94,12473,9335,5,1
61,102735,66,2634,5903,5,1
51,85451,93,17908,5685,3,0
22,68812,43,16117,4790,0,0
62,100602,62,2722,4642,18,1
44,38895,85,9611,7652,10,0
69,85782,85,4864,3084,25,1
40,41209,85,2067,2101,6,1
57,124820,4,7438,5442,1,1
31,102336,65,18803,6198,3,0
32,131646,62,8271,1307,5,1
60,81807,90,12325,7845,4,0
50,43086,2,12828,8806,29,0
48,105637,9,15132,3227,21,1
52,102027,57,18013,8665,20,0
34,47207,45,14442,4671,8,0
45,127334,18,2834,2068,10,1
36,40897,48,16126,9552,27,0
63,83083,42,3353,1241,28,0
40,115028,41,14878,6937,17,0
49,86957,75,12132,5404,19,0
57,117551,89,9203,3433,16,0
30,98506,90,11322,5009,27,0
37,27283,58,12295,5026,12,0
52,114024,42,4157,6409,22,0
22,101481,35,10626,5849,16,0
26,20255,38,18340,3667,21,0
46,141936,67,12826,8106,25,1
23,96555,41,13095,2718,9,0
42,35487,99,14567,1840,28,1
48,127333,50,8884,8509,24,0
39,39346,86,2955,5139,17,0
19,55050,72,11204,2014,16,0
62,28744,79,5991,1911,11,1
22,44756,45,5065,8224,14,0
44,81596,71,17067,4667,26,0
42,103397,19,14763,1522,26,0
25,45146,17,13095,3258,26,0
18,139640,65,18408,9804,25,1
37,75032,93,3329,5308,28,0
61,62687,77,16873,9333,18,1
40,66103,56,4026,7233,21,0
49,41976,93,2011,5407,14,0
28,82863,41,6624,3725,12,1
56,141779,42,19084,1514,6,1
64,20591,6,16229,7268,10,0
41,26277,69,14244,5958,7,1
28,81860,98,17602,2521,19,0
46,22260,75,12780,3176,15,0
43,129443,73,6585,3606,23,0
33,149505,40,17362,9475,22,1
52,85883,41,15105,9362,10,1
37,44741,9,18195,3084,23,0
63,139720,8,15837,5442,4,0
20,57211,44,15393,1777,25,0
18,129392,58,6456,3543,6,1
64,147373,67,5521,7870,15,1
18,61542,13,10775,6360,29,0
34,26869,19,15099,4282,15,0
19,113618,98,5037,7557,19,1
46,107616,96,10074,8869,28,1
37,84732,49,14986,8967,16,1
23,114515,80,17815,3981,18,1
25,39422,82,13226,6272,27,0
46,55613,78,10139,5836,25,1
65,77016,30,13099,4622,14,1
68,80110,66,10859,3460,24,0
50,108529,77,12174,8397,14,1
20,97922,91,3539,2969,26,1
52,54033,59,11305,7551,19,0
22,65213,53,14199,4568,29,0
44,149633,52,1390,5943,20,0
61,81993,81,1082,4880,14,0
29,32938,31,18386,9804,2,1
37,96695,15,9968,9760,11,0
62,22274,20,13281,3045,26,0
37,104390,5,16120,8165,5,1
26,51815,7,10946,4149,19,0
56,96018,18,11891,2314,4,0
21,38961,56,7007,4407,10,0
68,40044,75,1522,4231,22,1
36,119372,96,2694,8185,11,1
55,41975,91,19636,8773,6,1
44,34706,90,5837,6369,8,1
62,25974,45,12801,8773,17,0
60,149675,28,9469,593,13,1
30,96464,50,17531,8686,3,1
30,41213,2,9148,842,7,0
39,21950,84,14065,7440,15,1
45,142971,68,13706,2908,3,1
69,105013,77,4620,9781,27,1
64,30411,24,11631,1123,18,1
62,148603,48,10131,1367,29,1
39,107231,45,15307,3972,25,0
60,66156,93,4709,670,5,0
36,82744,58,16986,9269,18,0
25,37771,36,14915,8759,14,1
69,89810,2,6094,2015,11,0
25,55053,18,10415,8692,29,0
59,137894,49,17078,2698,11,1
43,72076,8,16476,1401,1,0
65,27045,58,14530,6403,8,0
68,77623,15,8472,8255,2,1
43,49714,17,4363,9486,0,0
40,54386,23,19201,2566,13,0
60,129283,66,15140,9062,27,1
30,28562,70,18067,3038,27,1
45,75048,93,15315,4407,12,1
26,113295,27,15414,7460,28,1
37,32026,37,3017,3096,24,1
36,126147,49,5223,3821,4,1
65,51589,64,3184,9830,6,1
56,128199,34,18741,8220,13,0
68,117274,18,7531,3121,15,1
29,46844,64,5666,9857,17,1
32,43447,74,12255,4341,13,0
48,110415,44,3468,5058,0,1
31,97502,17,8291,5418,5,1
28,103268,59,8255,9215,28,1
43,74708,13,4920,4839,20,0
59,83925,52,5236,738,9,0
44,90825,60,2939,1720,5,0
28,71574,42,4856,1268,1,0
55,105548,91,1050,8926,6,1
51,38812,64,16926,6830,16,0
60,121337,66,2360,7888,26,0
36,75309,34,7805,5092,23,0
23,84230,95,12928,8117,13,1
63,61628,87,12994,8582,22,0
69,143379,71,4045,8079,6,1
55,60581,64,12093,9627,21,1
66,136102,33,1257,9960,25,1
59,66628,12,12651,6956,20,0
45,108628,76,1044,9510,8,1
18,45105,19,18718,4617,18,1
52,99830,9,18055,2939,29,0
57,141323,74,16354,9780,24,0
25,89157,17,14589,6586,20,1
69,52442,50,8000,5324,23,1
64,146336,39,15480,8891,10,1
24,107235,41,7085,8869,2,1
28,135442,10,1234,6042,22,1
56,22347,12,7834,9622,25,0
21,115022,79,16055,2536,3,1
42,67650,95,4207,2591,4,1
29,37110,15,3400,6050,3,0
43,82170,28,10609,4763,12,1
55,24923,4,13562,6930,8,1
63,71801,36,8740,2884,27,1
29,82771,65,15184,6826,22,0
60,144926,98,15038,8707,13,1
68,101147,47,1650,8163,15,0
54,68135,81,17417,9528,21,0
63,39199,39,14119,8221,5,0
41,29066,38,8644,2657,26,1
33,121583,44,18494,805,9,0
30,72136,51,9653,7623,22,1
42,112290,97,15416,2553,20,1
69,56575,85,2874,6312,25,0
21,109796,26,11429,3844,12,1
28,140787,36,13213,4956,29,0
49,66733,69,17219,1708,2,0
66,134427,97,18640,2358,26,1
24,36991,1,4240,3203,10,1
63,42553,53,16802,2471,2,1
28,109710,6,17122,1613,6,1
45,107493,37,11903,1483,26,1
58,20634,2,2409,2627,29,0
40,115417,69,11620,4139,9,1
62,32771,90,2832,7976,0,1
40,145607,41,19408,1060,3,1
67,135762,51,6736,7152,25,0
45,38298,47,5993,4887,29,0
60,99876,13,12103,3432,7,0
64,118892,76,15397,8982,19,1
43,55999,69,4213,2409,16,0
42,91887,66,11355,7730,4,0
46,79648,59,7208,1928,16,1
36,82668,68,10644,1447,8,1
50,89374,59,7453,1848,7,1
53,87509,91,12093,9072,29,0
31,132650,10,14741,809,6,0
31,123348,13,12263,3914,4,0
52,95783,2,1305,6289,3,1
47,64440,90,2384,7068,22,1
45,51655,15,18958,9352,2,0
34,63039,46,1872,3947,7,0
20,75255,57,9360,2773,4,0
33,92219,10,10795,2642,4,1
63,74989,22,18414,5239,16,1
47,31244,89,10926,958,28,0
69,114594,79,16491,8080,14,1
46,78595,77,7905,837,25,1
62,59551,8,5442,5950,26,1
32,83230,21,16290,7880,7,0
63,123898,85,4667,4520,6,0
42,48371,22,18660,9036,16,1
68,89358,97,7553,6143,11,1
55,48878,45,17926,1442,27,0
59,56157,91,5808,845,3,0
64,25914,40,8731,4394,19,0
69,103700,22,1583,9016,27,0
55,47180,30,17894,7110,24,1
40,23688,62,10138,2638,25,0
42,100219,73,8695,4889,17,0
59,98616,45,4473,9215,3,0
24,116489,35,2198,8326,9,0
39,29916,82,4995,8316,2,0
34,76363,42,13113,758,25,1
35,115213,5,5535,1610,4,1
66,47360,27,6871,7825,11,1
58,57805,70,3447,6987,22,0
27,33453,62,10408,1320,4,0
27,146599,32,7844,6488,4,1
24,42703,8,18674,6135,3,0
65,79021,85,13413,5164,29,0
67,94176,18,16169,7593,24,0
55,114799,78,8549,5104,5,0
44,118385,15,9693,2063,9,0
69,124582,26,12063,6843,5,0
50,101614,53,17770,9899,26,1
18,108919,44,9603,9000,21,0
61,101072,32,3006,2339,21,1
51,136094,28,6213,8175,0,0
21,27410,39,19531,8501,15,0
34,101462,32,4868,2806,10,0
21,68268,77,10530,9872,5,0
60,54248,79,15360,5640,19,1
43,51159,18,7637,3186,17,0
21,62039,70,17736,1460,5,1
18,121902,11,5964,9129,16,1
24,67800,32,2302,955,11,1
47,60761,20,8749,7267,16,1
67,114626,97,1846,4317,20,0
26,106103,40,14390,9795,21,1
52,138368,8,14735,2012,17,0
25,63663,35,15876,5238,9,1
41,100903,69,14967,891,23,1
36,60412,99,19908,3121,19,1
53,138998,78,19262,6676,11,0
67,130252,21,5105,9612,3,1
69,136446,24,3819,6219,9,0
60,55367,17,9077,6541,29,1
44,140304,18,13022,4100,4,1
49,25813,98,10250,5710,25,1
31,79894,12,19873,5008,3,0
35,122157,16,12793,6942,26,0
45,145626,4,19677,8154,29,0
46,71444,89,18058,6716,15,1
33,54269,34,11070,8385,4,1
52,81748,92,7257,760,25,1
64,61190,46,2011,7333,18,1
48,60318,75,17616,6444,23,0
21,57018,77,3173,6634,5,1
54,144078,31,4384,7375,23,0
34,59759,25,19712,7328,20,0
56,36498,74,1797,834,6,0
65,45989,24,8121,8169,9,1
63,122710,65,14594,3279,6,0
43,45568,25,15986,9495,21,0
65,137035,28,8690,7828,13,0
56,86577,36,13669,2937,27,1
58,125231,82,19973,3307,9,0
21,134699,6,18847,5690,29,0
47,50099,66,12554,9632,28,0
47,109900,67,18431,3663,19,0
39,60639,72,5871,9594,21,0
28,124679,95,14354,7988,24,0
19,43482,48,6289,9960,10,1
61,89212,83,18945,523,13,0
29,75261,70,16831,5152,11,1
47,131321,78,7286,3248,3,1
53,107317,67,17958,2950,12,1
35,50048,48,14916,8595,21,1
43,23065,65,10934,3857,21,0
24,22036,44,13762,8595,28,1
18,55814,94,11550,8583,2,0
43,79694,63,5024,6472,12,0
40,36924,46,9722,8655,19,0
43,149493,19,18374,7569,18,1
62,80204,64,3120,5838,14,0
23,52844,83,19825,3032,18,0
23,137755,73,6877,5837,25,1
61,134184,71,11720,4273,27,0
25,101943,50,19904,6965,19,0
41,41518,63,18335,5161,28,0
39,37059,41,15659,2557,3,1
36,43052,7,1964,1177,5,0
54,145274,9,3134,3474,28,0
35,89803,4,3244,8976,14,0
48,91524,89,3803,6148,3,0
54,113510,49,4911,6944,5,1
47,145639,76,12216,2340,1,1
59,109572,6,2408,2378,3,1
50,28680,82,14195,6789,17,0
27,87021,21,12170,7719,14,0
54,100249,15,8663,3814,11,0
29,40043,67,10809,1878,7,1
47,146115,66,8113,5840,11,1
44,22419,56,9142,952,8,0
56,76892,68,14778,9033,6,0
26,141831,32,18772,892,21,0
38,133616,66,5367,5971,7,1
29,121799,29,13679,1769,19,0
46,37140,66,11786,8637,9,1
50,63484,34,14012,3550,10,1
60,83869,27,10938,7780,1,0
32,65210,60,12693,9662,29,0
19,77600,39,12051,5294,3,0
69,136467,44,4978,7910,20,1
56,98497,82,16611,665,24,0
61,128611,36,5490,8946,20,1
35,26487,19,18236,8993,24,1
20,80692,91,7377,6863,8,0
24,82112,45,10903,8579,7,0
60,51110,84,15567,5530,4,1
35,127968,21,16788,2005,13,1
61,36360,23,18440,9948,27,0
55,69410,94,3260,7909,1,1
54,122379,89,18292,4840,20,0
50,110418,95,17833,709,26,0
61,142702,27,17952,4293,16,0
48,103038,98,4498,5021,7,0
28,133589,72,14961,3547,1,1
21,93167,19,11518,1480,22,0
35,23017,41,13501,2619,14,0
21,106261,26,2308,4245,26,1
66,80124,28,16902,677,1,1
51,136346,64,1717,2046,27,0
46,110298,68,4345,8990,10,0
41,70949,95,16370,4066,13,1
39,78268,80,14953,774,29,1
19,86320,51,10095,3495,20,0
61,113556,74,10642,552,9,1
23,123995,48,18839,8275,6,1
59,101301,10,8035,2127,21,1
42,51127,73,1531,6543,13,1
38,23196,39,3267,8323,12,0
33,95088,19,17716,9180,20,0
48,61300,64,17130,9108,21,0
31,69714,19,14736,9612,1,0
56,51921,76,10513,2053,9,1
45,24746,62,14815,9357,0,1
49,88535,13,13244,2969,0,1
45,85350,25,10900,1974,23,1
68,70345,89,12718,6977,2,0
66,129606,92,17784,837,10,0
26,69220,42,12822,7491,18,1
62,101131,39,12229,8960,8,0
39,42063,30,4991,1587,12,0
49,137116,5,18441,1793,21,1
22,91736,81,8933,9348,3,0
40,123700,18,15583,6464,19,0
22,108913,21,9233,3328,22,1
59,98946,86,14088,6972,5,1
49,65971,50,17410,4473,1,1
27,23598,6,3618,7161,8,0
56,30564,50,10362,5457,17,1
32,131052,80,7639,7064,23,1
24,116434,66,8042,1836,3,0
46,143723,1,12391,2167,25,0
64,69725,57,3018,2325,0,1
20,106134,30,13952,1712,0,0
36,125940,58,17240,3268,24,0
27,79940,52,3047,6276,19,1
45,82085,37,18942,944,16,1
46,37862,48,2722,4881,18,0
32,30265,87,5052,4176,2,1
52,29705,1,2651,2810,22,0
23,75279,19,2778,4540,21,0
29,82471,46,1683,7585,23,0
64,111080,67,10471,2327,22,0
55,99834,2,19394,6785,16,1
30,82979,56,14937,3719,2,0
46,75828,17,19966,6059,24,1
36,118206,92,9505,7271,3,0
20,136884,82,8443,5188,26,0
25,128007,97,6492,5011,27,1
25,66104,79,17827,2572,26,1
37,60934,22,19055,7270,28,0
64,143534,27,4266,6828,12,0
21,134420,55,6909,2830,29,1
68,26050,32,13869,1185,29,1
38,63952,60,8014,5458,29,1
20,106570,83,12287,1184,14,0
62,131016,28,8819,9032,11,1
25,28484,28,15837,1233,2,0
40,82648,74,16186,1996,20,1
33,79945,84,11056,9823,7,1
30,73678,25,1715,5950,0,1
20,51323,85,18275,5135,17,0
65,106332,78,17884,2232,12,1
26,114605,86,13694,7027,6,1
31,107363,26,9894,7225,12,0
30,144468,75,19717,6803,16,1
24,143475,71,19578,8531,12,0
32,55361,17,11201,1919,28,0
24,30315,82,11515,5210,12,0
55,67968,7,10077,9179,29,1
51,46519,56,18975,1941,29,1
58,29107,64,11443,2890,10,0
39,141540,20,5440,1884,13,0
41,75781,38,2783,2656,20,0
66,23869,75,14113,4896,9,1
54,100983,58,6385,1891,7,0
61,47370,16,5117,7922,5,0
18,82695,51,7982,5935,18,1
27,80422,27,3583,5300,22,1
60,27971,51,10921,3642,18,0
33,116805,75,14407,768,11,0
63,143855,16,16316,4417,20,0
25,45651,87,14756,9169,6,0
66,76974,60,16348,4771,17,1
42,121293,76,3430,738,25,0
67,43446,40,8060,9301,19,1
29,146347,67,3936,7502,17,1
42,58108,2,12864,8268,22,0
34,95179,48,10307,6383,2,1
43,23823,52,7709,6285,8,0
63,33454,24,10075,5593,26,1
65,23932,93,7616,6938,5,0
31,30220,98,3419,6674,0,1
58,94090,84,2399,9846,9,1
53,87965,82,10768,5945,7,0
40,48208,78,19468,3838,28,1
60,92980,82,15245,2833,22,1
23,30510,2,13978,4886,16,1
64,64045,65,15436,5081,2,1
22,30537,20,2535,7198,2,1
60,92683,34,9281,8859,29,1
42,125935,41,16365,4042,2,1
35,89134,41,14450,6386,6,1
30,122633,75,5190,8554,21,1
60,92254,91,19038,7414,10,0
31,128227,23,11093,8013,27,1
45,142906,38,11871,8769,17,1
35,33782,44,8452,1608,4,0
45,134780,67,4960,9583,21,1
68,145544,62,7834,5256,27,1
44,143188,12,11564,1724,1,0
49,85587,30,15742,8028,13,1
64,102238,95,6091,9256,0,0
26,95720,87,17902,3359,3,0
57,98004,65,4710,8993,13,1
49,42072,41,18213,8800,14,0
37,101015,20,7627,2912,27,0
45,114003,6,8988,3147,19,1
50,108938,75,3986,3838,19,1
21,92746,99,11509,6304,16,0
63,65702,4,16300,7731,2,1
51,122260,93,13665,5023,22,0
65,26057,10,17560,4313,3,0
20,148259,51,11513,4145,17,1
43,50916,93,10906,3917,23,0
25,47268,38,7170,511,26,1
23,63978,1,3623,7109,0,1
33,132894,8,16576,3645,28,1
41,144904,81,5365,1374,24,1
65,43259,83,12379,7803,4,0
56,73583,63,5340,1383,17,1
47,99400,33,5755,5150,12,1
62,54293,15,16963,8210,13,1
30,131581,31,10098,7297,19,0
22,27043,21,16991,5939,2,1
42,70430,3,19259,7508,22,0
37,127009,66,4958,9044,5,0
35,58893,35,3136,8662,26,0
64,60642,41,11788,3987,27,0
35,98065,59,10045,8037,10,1
19,50868,16,1506,2890,8,1
27,46309,56,9599,4530,19,0
62,146250,45,9715,7992,27,0
67,43284,59,4050,3938,18,1
64,146801,50,15783,2883,6,0
29,133259,85,3397,3867,21,0
64,120804,12,8912,6667,20,0
30,89000,92,2309,1965,9,1
67,104179,12,8202,2651,6,0
64,82107,33,8700,3983,4,0
28,85049,84,5718,1073,24,0
36,49265,49,6950,1274,27,1
52,101490,21,11233,7530,3,0
56,149154,60,15171,4838,16,1
43,43880,52,11726,8521,25,1
63,104579,54,18139,4430,27,1
31,20255,39,1145,5460,4,1
62,21502,49,13014,2720,16,0
61,90192,64,2858,1939,27,0
41,85424,86,5722,6746,28,1
58,95838,26,4598,7924,16,0
18,90966,71,14583,9405,16,0
68,61366,7,15869,7200,0,1
60,47425,72,18013,9267,23,1
39,72328,62,16216,6839,1,0
40,134280,90,12358,5584,24,0
36,87396,88,4518,6010,22,0
35,91694,24,5352,569,29,0
29,25806,40,13106,9609,26,1
45,106274,76,8429,9434,18,1
45,37106,47,10096,7228,8,1
50,76731,8,6555,4650,19,0
36,95010,54,8997,3033,22,1
45,102533,9,11809,7910,14,0
69,138019,3,17491,9101,18,1
66,52599,54,10868,3507,4,0
54,91326,21,5195,8643,12,0
43,137804,95,9456,7370,3,1
52,95706,48,4821,5634,12,1
51,29004,47,18060,4742,5,0
52,128282,88,12678,6109,11,0
57,135018,68,6178,8278,28,1
33,71364,84,11898,1697,8,0
55,45792,63,6566,2837,14,0
30,115752,16,6420,8586,20,0
40,84912,74,1607,3693,14,1
39,74645,90,6674,8718,16,0
33,27232,93,3394,5720,28,0
45,98210,5,12051,3473,4,0
65,74766,11,9070,7031,4,1
52,140601,29,11039,3665,24,1
62,101588,79,3021,1590,23,1
63,68542,70,17110,8941,4,0
25,25913,48,3048,641,20,0
61,132406,15,1893,766,13,0
39,133693,84,14043,8219,1,0
38,113449,34,12792,4810,8,0
43,30567,60,14613,9180,13,0
57,58379,62,15316,9187,26,1
38,94968,2,7087,979,14,0
42,20319,80,3933,3190,3,1
58,110005,19,19665,6499,22,0
18,130990,98,9264,5436,25,0
23,112026,49,2380,2927,5,1
40,106120,78,17867,9535,13,1
68,24791,88,10221,8564,4,0
40,117272,28,12973,3715,26,0
60,20329,48,14164,6481,10,0
60,94387,96,7101,4411,20,1
40,81032,37,5954,4577,13,0
49,64078,74,6953,2849,6,0
47,108662,49,7280,1149,13,1
30,41300,48,1778,6036,12,1
60,95700,73,4475,3356,17,0
35,149664,88,5723,6078,24,0
40,70945,29,15890,2225,1,1
32,75609,60,7713,8616,8,0
50,80562,29,9601,1854,10,1
38,110045,58,18443,1793,19,1
56,81901,48,19693,3758,28,0
40,25703,23,18984,3213,25,1
44,112645,27,13735,9095,10,1
62,83115,95,19617,4532,25,0
61,128953,7,10489,2046,5,1
35,108090,49,14974,3106,0,1
41,47676,54,17735,3325,4,0
68,81710,68,14724,4706,21,0
64,80077,78,12414,9504,24,1
57,141332,42,11623,3874,13,0
68,109340,74,16395,9621,24,1
59,65440,59,7469,8140,15,1
24,56923,44,11705,7434,8,1
67,49802,98,4166,6578,29,0
65,110331,26,3209,3823,18,1
37,82904,23,9747,8866,28,1
44,80162,73,1299,7605,19,0
23,144786,8,14551,1863,7,0
44,85169,53,1563,9729,7,0
26,88147,14,13201,7989,15,0
62,42075,71,10214,8451,17,1
48,137281,7,18574,3511,7,0
38,102015,9,11096,2590,22,0
43,94716,3,11228,9152,8,1
57,29304,78,10218,648,4,1
65,149851,17,19802,4933,1,0
62,140729,44,15613,5598,20,0
30,79622,86,19947,1633,13,0
66,74215,46,15093,853,17,0
40,100146,90,17653,9799,12,1
37,93973,58,7619,2613,11,0
54,128654,28,10119,8055,14,1
45,32521,14,5555,6510,20,1
34,138037,9,14327,4185,14,0
45,44028,26,2042,3706,28,1
58,59328,2,6444,1609,24,0
19,47301,75,5188,8918,22,0
42,58015,81,14060,9704,22,0
67,107276,34,11233,3606,0,0
58,56845,19,4088,4436,24,1
23,106818,39,2646,8961,21,0
28,96394,82,14127,4306,6,1
55,64159,13,1487,7049,12,0
23,63714,5,16453,8995,27,1
62,100722,50,2747,5648,17,1
28,119721,23,17911,2432,0,0
31,116730,88,18551,2540,10,0
19,45230,29,17278,8434,12,1
57,112554,72,12931,8833,19,1
20,69262,26,1483,7289,27,1
52,110201,79,1451,6275,8,0
50,61722,57,5069,9500,29,0
41,66359,1,14386,1447,24,0
36,82796,28,8207,1265,29,0
35,60159,62,5397,7672,15,1
66,129668,47,6671,5515,10,1
69,128675,78,19157,9630,2,1
41,107052,98,10190,2996,16,1
62,120808,59,8412,4062,1,1
52,144344,31,19449,1762,8,0
18,110209,70,9589,6893,8,0
53,25239,49,15929,5550,15,1
42,134980,5,7332,5910,27,0
62,111951,31,16979,1042,0,0
66,70886,37,8913,7164,24,0
60,123424,79,10995,8223,16,0
51,47195,15,2946,3281,9,0
42,124697,52,4415,3112,19,1
33,114859,69,2394,1699,4,1
51,120500,92,16084,7532,7,0
46,121770,97,3421,6823,12,1
36,116299,11,8345,5188,20,1
40,54674,43,9030,5286,4,0
36,38105,70,11980,4181,3,0
42,130187,23,2844,5729,24,0
33,49739,40,2804,3995,28,0
68,133741,63,10081,9356,7,1
26,51969,2,19887,6578,24,0
18,34497,79,19277,3662,22,0
59,21816,87,19050,1916,6,1
36,143132,86,5344,3608,4,0
50,138915,73,12833,9208,9,1
51,146399,47,2259,9541,16,1
33,112019,30,19604,8329,27,0
61,79254,16,14859,1407,5,1
57,129017,59,12030,9007,9,0
35,107695,47,3447,8073,15,1
51,89385,30,4129,2434,21,0
42,107148,9,19282,6451,9,0
62,125153,65,8697,4844,3,1
23,53826,59,4949,7926,1,0
38,130034,64,11659,6834,0,1
23,83365,8,9010,3122,2,1
49,104242,52,17400,9548,26,0
58,143066,18,8959,6065,12,1
65,70100,91,7241,2025,28,0
60,110099,82,15787,1916,24,1
56,145170,96,8906,2294,11,0
48,24359,58,14185,3220,0,1
59,116205,49,14303,7326,20,1
27,32809,32,2266,7295,9,1
47,84450,48,1478,4176,5,1
69,58428,45,4977,5576,8,1
35,114990,54,7068,6869,0,0
41,92790,85,12736,9044,11,0
69,131126,46,13740,6326,4,1
26,110321,96,8791,2692,0,0
48,22093,31,1485,4036,1,0
32,64498,37,13280,7799,13,0
21,136251,16,5673,9808,1,1
57,60985,46,1337,2820,26,0
26,52009,46,16092,8371,4,0
62,102094,78,3003,1033,9,1
26,148515,88,2471,9909,19,1
43,37718,89,19426,5851,5,1
21,36705,61,12620,2479,4,1
34,107618,46,18903,2576,1,1
33,82598,51,7489,9223,8,0
32,97878,62,8856,4735,28,0
52,32239,35,10365,6741,9,0
69,66622,81,2605,4614,7,1
22,66665,42,6664,3084,24,0
22,52274,45,6379,1988,26,1
37,31419,68,12585,4159,5,0
32,128368,75,3124,6902,4,0
35,35003,47,14421,8547,20,1
64,50866,79,5991,727,17,0
19,41988,30,7794,4971,26,0
46,75894,24,18830,5742,19,1
30,128563,66,4306,8123,17,0
21,142124,43,19756,4852,1,0
59,110444,34,17534,5428,11,0
62,25674,23,16905,7815,7,1
27,90538,61,19043,1198,3,1
48,113103,95,10070,937,27,0
58,86446,37,8199,6319,29,0
25,49072,13,19703,6680,19,1
20,53717,97,15133,2653,22,1
65,107345,71,18899,6538,3,1
63,46651,96,12579,6508,8,0
26,137202,7,17973,6875,8,0
47,64291,42,1587,5636,11,1
28,142389,38,7223,5778,13,1
52,129525,52,15197,1459,29,0
54,83350,44,10387,8969,2,1
59,102020,64,5353,4720,5,0
30,24646,13,15839,4256,14,1
53,59713,88,3605,8087,22,1
30,87936,28,3538,5270,18,0
29,64331,96,14896,9406,3,1
54,42185,82,9757,4421,29,1
27,104263,98,17198,3214,0,0
26,118656,98,2756,1847,26,0
69,72107,1,2360,5508,8,0
24,133793,43,19757,6585,22,0
19,86554,42,2195,8669,25,0
40,37563,95,19515,5368,15,1
56,90729,50,9009,4460,22,1
57,35701,60,14792,3005,8,0
56,89072,1,16777,5596,11,0
38,68217,51,19751,7875,13,1
40,64610,16,16025,2237,14,0
46,104422,39,2333,1608,21,0
31,122123,15,13836,3179,23,0
43,141543,33,4336,1537,20,1
68,70131,87,9157,6260,15,0
22,148331,53,4387,9603,7,1
48,49410,98,5713,2596,27,1
42,119280,17,6101,858,9,0
48,78715,89,3431,6453,13,0
67,136968,6,2016,1576,16,0
37,58665,31,18025,7736,2,1
61,35957,69,9507,6171,3,0
34,68127,40,1440,6315,15,1
62,83589,30,18522,6264,13,1
19,66008,69,15634,5474,26,1
42,81920,76,6243,4027,24,0
30,148213,7,3303,2802,23,1
56,52875,13,15986,1575,13,1
45,133828,4,13334,4548,15,0
59,143852,50,15040,828,7,0
23,21626,3,6950,3977,17,0
20,110815,12,8046,7624,6,1
52,83822,65,7606,1502,27,1
35,91765,27,4421,9268,2,0
28,92413,50,14434,9018,5,1
37,53642,77,19462,6886,19,1
22,58311,17,7103,3321,15,0
36,52356,72,3200,2880,21,1
39,23809,32,9227,9186,3,1
36,63371,84,10009,9830,18,0
64,54875,51,15221,2916,1,0
33,130049,17,15108,9845,3,1
41,29465,34,2946,3749,25,1
58,86095,35,4956,2642,1,0
21,93844,99,13543,3888,6,0
32,85250,24,19609,9816,14,0
42,106889,54,8715,5815,16,0
61,35250,18,4325,9493,13,0
52,66023,50,9699,707,10,0
31,121350,46,4745,9164,16,0
66,66624,48,13308,2138,4,0
36,36427,33,13069,5627,22,1
55,53276,87,14489,8827,13,0
53,91643,89,18789,4856,16,0
24,99012,27,14348,9862,27,0
47,23439,1,19420,9149,27,1
36,105848,85,3677,6524,19,1
66,107331,59,2744,8105,20,0
42,98672,10,12175,1936,1,0
33,99703,95,11550,6875,6,1
64,37300,25,10423,9198,3,0
57,80289,84,2177,6747,7,1
68,37182,57,1761,9137,29,0
25,90507,66,5778,3281,29,0
35,70912,15,7458,943,0,1
45,46909,28,10735,617,9,1
33,39659,13,19317,1066,0,1
69,51403,14,8179,4102,0,1
36,134187,66,15849,2436,3,1
59,53586,34,5444,4683,16,1
34,30360,99,3964,8426,4,1
62,41424,25,10222,5071,13,1
30,118035,54,13811,6301,29,1
24,130231,79,11067,4890,5,0
44,68791,12,8224,5315,6,0
27,23065,9,11472,6000,7,0
51,88795,31,16126,5902,23,0
53,135594,78,4101,7487,17,0
42,32300,93,4897,5281,27,1
23,53370,53,4678,3186,3,0
41,89831,43,2843,1703,22,0
35,47209,38,19322,5556,24,0
40,128287,42,16958,7557,24,1
23,121831,72,8083,9097,26,1
46,40927,48,2466,6213,2,1
42,54579,67,18119,5683,27,0
34,130407,66,1339,4714,22,0
63,29032,16,12779,4579,3,0
41,113254,83,18760,812,24,0
28,98413,94,18088,8854,22,0
43,60731,16,4724,2028,15,0
68,139937,31,9189,5996,12,1
51,133528,58,11334,5268,28,1
45,112202,28,1552,8067,21,1
20,73767,4,4491,898,24,1
28,143916,10,1789,7130,22,0
55,127220,51,2173,1547,10,0
31,92302,18,1552,2442,23,0
68,143867,47,5211,739,10,0
43,69954,32,9823,6964,4,0
65,137270,30,17653,1171,19,0
38,108365,36,1860,3119,0,0
56,105757,9,1290,8419,13,0
47,45102,36,10649,2961,23,1
25,54433,29,15344,9093,21,0
68,35932,16,6870,2606,19,1
37,45714,92,1629,4648,18,0
65,77803,21,8007,1587,4,0
49,59743,64,17186,7276,19,1
39,22552,66,6943,9834,26,0
24,76627,59,17858,4881,26,0
26,65987,99,5080,5624,22,1
62,99810,28,13972,8059,5,0
18,65380,55,2760,641,18,1
46,49250,31,12274,896,11,0
25,88344,33,5708,5637,25,0
21,84686,87,13166,7781,28,1
52,129394,60,4398,2055,26,0
20,140321,41,15930,7554,27,1
62,146123,81,11515,6394,13,0
57,65028,46,15705,1528,16,0
24,35295,49,4561,5551,29,1
44,133141,65,11607,1170,6,0
18,75248,42,14018,5094,20,1
44,100205,23,10816,2355,0,0
33,30523,27,18892,3929,16,1
55,65530,89,7831,5776,5,1
24,148053,32,9195,7486,3,1
61,33769,83,4447,4931,13,1
40,83042,88,14680,1069,7,0
58,132035,3,6584,6956,17,1
28,64645,60,4791,1646,19,0
59,110743,76,10352,9556,27,0
50,82142,99,18217,7014,12,0
67,120760,79,15698,5400,7,1
53,45557,17,11190,527,27,1
54,123727,32,6335,5849,23,0
58,99782,7,7260,1529,15,0
34,98382,83,16605,7116,4,0
52,57085,71,19559,2496,2,1
65,70708,69,10573,1841,12,1
22,71357,58,3788,9940,14,1
65,130939,40,12013,2587,3,0
49,33470,85,13369,9372,2,1
20,98712,48,7721,874,26,1
69,138643,51,8312,3545,1,1
64,127417,57,15912,6775,29,1
52,99082,71,5616,6449,3,0
69,26805,37,1995,1305,24,0
31,102324,87,1356,6852,5,0
65,148256,75,2693,6970,3,0
48,114884,74,3590,7146,16,1
48,82028,85,10534,778,29,0
34,70772,55,8921,1905,6,0
41,149581,41,2691,9479,17,0
69,72104,97,10274,7650,27,0
40,93616,20,19441,1832,21,0
35,121422,33,3904,8565,9,1
67,109300,40,12387,3647,16,0
31,149502,99,12609,8492,28,1
67,26630,34,7937,3949,22,1
32,144474,62,19764,932,3,1
32,118869,91,9208,8526,26,0
23,35701,19,16783,1509,18,0
44,34859,43,9515,7779,25,1
32,41183,69,3070,5691,6,0
67,60438,63,18314,9008,12,1
53,117285,93,13746,5807,2,1
25,137556,10,14771,4716,7,0
32,117423,13,13844,1865,10,0
20,143737,93,18828,7296,15,1
64,62244,5,13228,9627,19,0
30,94312,58,18905,4018,18,1
58,35021,59,4098,3268,22,1
51,89863,76,19571,995,22,0
41,75565,59,19952,4092,8,1
57,68043,77,11985,2732,9,0
49,93150,86,9283,8548,22,0
49,84361,15,14555,3435,5,1
47,21245,77,5940,7219,2,0
69,61011,1,5762,4945,19,1
66,30355,38,2753,2867,7,0
30,118841,53,6054,7055,5,1
18,68692,52,14276,1405,24,1
51,69004,1,6781,8668,7,1
32,135228,11,17471,8400,13,0
61,49714,58,19025,5097,7,1
31,37198,40,3962,8153,10,1
46,86951,86,6413,5509,9,1
51,129334,99,8420,7735,25,0
35,21652,60,9742,7708,22,1
24,63625,44,11638,8458,9,1
46,147394,6,7910,5788,10,1
48,105982,28,11482,8313,0,0
42,38740,31,13029,6636,14,1
55,23810,8,9815,8803,4,0
31,143743,5,4757,7106,13,0
25,36569,54,5796,2802,22,0
44,147236,17,4292,7825,25,0
19,119855,38,4832,4895,24,0
34,99120,9,3611,4495,27,1
54,46783,74,9353,8998,19,1
31,141701,84,11274,8812,7,0
42,119065,78,9228,8269,16,0
47,98047,14,12068,9969,3,1
46,29471,26,4346,1927,3,1
37,130771,93,5054,6113,17,1
38,26163,62,16992,3602,26,0
39,83087,91,5200,9877,26,1
52,82071,25,15491,1955,18,1
54,36065,80,9527,9871,2,0
33,142323,36,15245,1846,8,0
67,130190,98,11535,9320,6,1
66,137969,80,18944,1714,1,1
60,103456,33,8522,2461,8,0
34,124505,3,14173,3495,23,1
33,137852,87,5164,5112,5,1
19,68348,11,13438,6190,5,1
21,39154,58,5852,3358,27,1
38,144843,64,7713,1261,15,1
56,125703,18,4183,5958,1,0
51,40229,47,9032,8547,28,1
47,72587,44,15275,5402,15,1
23,139398,93,19793,8605,2,0
34,69713,59,5298,1996,21,1
56,46997,50,19918,9935,29,1
42,41101,69,6599,5082,15,0
22,60391,88,1003,2543,11,0
22,95863,29,14440,3876,2,1
37,92723,93,12289,9208,10,0
33,115221,90,12040,1334,10,1
68,79405,67,14264,1123,22,1
58,54948,2,17410,1547,29,0
54,120264,25,6161,2064,15,0
57,73031,19,1964,4482,4,1
26,57921,40,16942,5940,19,1
22,92571,2,17455,996,7,1
59,97007,83,6601,1042,10,0
19,48460,65,15184,1415,10,0
26,137958,62,3947,2301,17,1
60,41071,91,11507,581,18,1
53,86118,54,13089,1679,9,1
39,68282,45,7238,8857,27,1
39,111725,49,14156,2571,3,1
39,78445,99,3411,9498,27,1
51,101067,69,16674,7530,9,1
46,102208,38,9308,831,13,1
55,74816,4,11403,7645,5,1
63,126283,17,3924,7479,4,0
50,105779,53,3837,8872,14,0
35,23060,85,1576,6612,4,1
24,145806,53,15641,9798,22,1
18,33731,31,9963,2089,23,0
50,97830,22,9391,2986,5,0
18,135871,11,19139,6334,29,0
41,40719,34,9371,3090,18,0
21,67042,15,19789,9179,19,1
21,136134,10,7883,9303,29,1
35,69116,96,16658,3920,16,0
44,141367,53,7139,5708,13,1
60,46325,48,15184,7714,10,1
49,42597,31,13965,1956,13,1
50,87439,37,11493,4997,4,0
45,34551,28,2119,3367,12,0
59,113287,31,3214,5083,11,1
58,44278,70,9000,5754,25,0
53,111189,14,9065,6845,23,0
23,35141,87,11103,7071,18,0
33,87913,16,2085,7583,9,1
51,53615,25,17557,5798,12,1
40,142058,39,14564,578,14,1
67,82751,66,4532,6152,19,0
59,132684,38,18622,877,12,0
41,47452,41,5834,664,3,1
66,42725,98,13008,8467,21,0
30,70391,40,13962,6441,8,0
35,140288,64,15461,8846,25,0
30,95060,89,15588,1646,18,0
66,133535,16,9012,9755,19,1
54,31698,82,19357,2716,21,1
60,128875,77,19628,5949,21,0
56,106711,59,10849,1963,6,1
59,97850,91,9604,3970,14,1
34,129733,98,14767,2016,16,1
32,22365,11,16111,4923,13,0
35,117553,1,8221,2026,13,1
40,117662,13,8814,1288,8,0
68,63372,30,12602,7020,15,1
47,64134,69,13284,7921,1,1
51,57823,18,18766,7077,13,1
21,91158,78,16510,3048,3,1
20,116076,13,2123,7752,2,0
24,135060,32,13521,5108,2,1
35,126087,71,3243,9207,10,1
59,21949,72,3589,7140,4,1
24,69396,50,10970,7245,15,1
57,128336,71,18513,3562,22,1
23,51912,80,15630,5781,28,0
39,76947,31,12714,5262,27,0
18,140460,51,10749,1466,22,0
21,117697,27,5501,6576,29,0
63,64387,60,2706,6194,29,1
66,83965,33,19985,9055,22,0
69,36508,53,9566,607,18,0
67,65592,93,2612,7681,8,1
60,129249,72,17838,9314,21,0
46,21919,33,5297,4916,10,0
38,62595,41,18859,1009,11,1
43,29617,19,16546,7315,26,0
31,95268,85,16967,9756,25,0
26,53298,41,10045,4365,26,0
64,126153,85,2391,8995,7,0
29,26929,89,11579,9660,13,1
59,122653,42,9453,4371,29,0
68,34456,23,9008,6013,16,1
68,129599,75,16948,7008,19,1
23,106676,33,6425,7664,14,1
37,103721,20,15157,4000,14,1
41,57924,25,18021,2699,22,0
44,44240,90,9356,4401,11,0
55,107381,52,3805,8258,8,0
25,29228,12,16447,6570,11,1
18,41686,32,2223,2770,18,1
66,31920,33,4342,5885,11,1
66,27432,74,17872,729,10,0
41,83575,68,9856,2986,27,0
64,130507,15,18630,8841,5,0
24,91725,51,7061,1409,7,0
36,113575,6,14532,1477,10,0
39,53910,91,1880,1134,2,0
52,141764,69,17818,6489,15,1
47,50226,69,7124,5217,5,1
46,93150,82,6184,2690,8,0
39,79099,92,19368,5689,8,1
28,132557,35,14223,5439,5,0
37,106760,86,10984,7581,4,1
46,38013,34,3798,3974,0,0
68,41446,63,8603,7195,2,0
58,135450,68,14283,7694,2,0
59,125209,18,12704,2365,11,1
51,123193,26,14320,798,3,0
18,90375,86,2493,3239,20,1
48,82509,97,16707,7201,15,0
47,122261,61,19009,4225,10,1
65,115739,78,19231,5040,7,1
35,20557,95,4246,8789,28,0
34,50666,74,16925,5314,26,0
55,57389,88,2316,6634,8,0
31,67700,85,19334,4022,27,1
40,119143,48,17607,4918,29,0
42,44578,72,3026,7318,13,0
32,94779,96,2547,8624,22,1
63,29596,31,16289,8662,28,1
39,77500,34,4778,5989,25,1
20,92534,87,17118,6585,21,0
36,30129,89,7511,9537,14,0
61,83394,7,8757,4685,18,0
51,86046,83,2523,4726,8,0
52,31596,7,19356,8596,25,1
67,85355,47,13720,4381,16,1
18,32974,8,14574,8192,8,1
69,86673,78,13795,9744,2,0
38,132004,1,18000,4115,24,1
46,140294,77,16862,7305,15,0
23,146794,3,13433,3657,12,1
54,113433,53,19477,2605,25,1
18,90202,92,8484,5676,16,0
68,94442,38,13408,1493,23,1
18,41818,51,18450,3596,21,1
44,63246,15,19530,689,29,0
38,75598,67,1705,3398,24,1
33,22654,64,19742,6356,3,0
61,53758,68,14525,4749,27,1
57,44204,5,4812,5888,20,1
43,147309,90,12652,7546,21,0
33,54928,89,3319,3911,27,0
45,140428,10,9163,9738,8,0
18,73609,8,1209,1105,21,1
53,50552,12,5834,1866,8,1
27,133440,64,13446,6982,17,0
60,30336,59,4962,9756,13,0
34,67037,67,14028,6295,19,0
40,36206,91,19774,1017,2,0
24,54831,50,12717,5718,3,1
61,63563,23,5794,4307,0,1
24,38361,40,17229,5935,17,0
61,61335,97,3444,2772,3,0
32,94469,78,11775,2808,9,1
51,147365,87,9332,9794,3,1
63,137355,95,3607,5292,20,1
62,45816,77,19602,1310,24,1
21,146350,76,19181,8768,16,1
31,35619,99,10168,2809,7,1
31,123223,18,3573,8408,18,0
33,112479,21,19973,9717,8,0
24,46819,1,4283,4939,15,1
49,31741,38,10991,6889,26,0
36,143297,41,18845,4058,23,0
19,142330,42,1713,8508,23,1
27,28798,9,19807,1345,24,1
67,45143,23,2890,9384,14,0
34,69695,78,6375,1832,19,1
54,52747,11,16579,6800,15,1
29,132870,71,10870,1774,27,0
23,119187,31,19531,7666,20,0
39,149544,88,10109,9936,11,0
49,41182,26,11716,837,22,1
58,142728,30,19190,3794,17,0
37,29415,34,16817,836,6,1
18,31085,46,5051,2367,15,1
64,35008,69,9751,7414,27,0
23,107638,5,14640,994,18,0
36,38452,61,11103,5142,5,1
35,142166,83,4762,4386,28,1
23,84075,38,12743,8852,5,1
62,28120,28,11087,2536,5,1
50,84385,26,13122,5583,25,0
40,93356,61,16841,4060,14,0
40,130205,23,11042,2781,1,0
43,38170,46,7173,2101,8,0
30,36259,30,19516,1799,7,1
24,42099,67,7932,9402,6,1
32,29649,92,18909,4667,26,0
61,149394,33,17712,2546,29,0
44,115791,3,3657,3381,27,1
43,79258,69,9779,5974,27,1
50,61037,83,7833,2317,15,1
32,31805,42,8907,2698,14,0
53,135996,62,2598,3832,8,0
62,143527,58,4851,1603,19,1
44,63147,57,8582,3677,14,0
22,94280,1,12009,5315,1,1
19,66053,73,8823,2677,19,0
50,126777,60,5607,1694,13,1
33,117841,69,6507,5001,27,0
40,111393,59,6934,6541,25,1
55,144726,46,10203,9227,10,0
33,148359,34,5659,7560,29,1
31,96215,97,5398,9761,2,1
46,132909,25,7242,8824,1,1
43,115365,42,11796,763,17,1
52,30985,29,15377,4962,13,0
32,113823,25,7611,7468,23,1
20,32391,54,15775,2552,28,1
40,24861,73,7712,5446,4,1
46,83582,67,19407,6325,11,0
51,71928,15,5507,6544,13,1
50,54364,4,14937,4589,5,0
58,102399,38,13343,857,7,1
58,117035,20,15035,6005,6,1
40,138000,23,12533,4920,6,1
24,140844,37,17579,9442,11,1
20,113330,62,16438,3750,28,0
49,62923,8,14968,7062,6,0
48,27919,37,18490,2758,11,1
35,75896,45,11376,9602,26,1
60,128638,97,1718,4310,15,1
24,105818,33,8076,1083,26,0
58,67396,7,4995,3938,6,1
18,54840,22,1305,9268,7,0
31,62255,5,9579,6857,0,0
69,91160,15,9916,9844,12,1
49,148165,21,15177,6646,18,0
23,119242,89,14202,5490,0,1
56,28176,17,3596,2283,23,0
27,53529,56,15841,1593,17,1
24,76406,50,19819,5032,6,1
43,32941,7,16788,5617,21,1
51,21669,50,19287,8438,26,1
47,125432,60,16883,7246,16,1
53,105782,83,10896,2633,27,1
38,137373,7,14376,9209,14,0
34,64859,40,15838,9433,21,0
50,75786,45,13857,6620,24,0
27,71083,59,2283,2977,18,1
68,60076,88,15920,5458,27,1
64,40323,75,1247,6637,22,1
59,119430,55,7642,3376,3,1
68,146177,64,18365,542,16,1
29,26021,65,5363,6329,6,1
33,147550,54,14951,3941,15,0
58,124741,96,18949,9095,16,1
49,59807,40,19525,6846,26,1
32,148305,53,1735,7349,19,1
44,140061,44,11851,7186,28,1
45,70355,63,15406,3150,14,1
34,122439,2,15928,4845,8,0
63,133415,79,17832,1377,20,1
67,64732,21,8534,2386,22,1
19,28711,88,2835,1803,12,0
53,83079,50,5715,2240,6,0
67,27904,81,1613,1612,27,1
24,84033,52,1876,4376,18,0
30,120587,9,11767,6540,28,0
32,106478,99,10325,7952,10,1
42,140035,20,1671,6618,7,0
40,109787,83,2630,8939,16,1
39,75096,18,1360,7295,3,0
43,110594,84,15713,7544,25,1
50,120781,30,11584,1067,3,1
28,23093,65,4901,6458,17,0
27,44918,24,18181,9880,21,0
42,92743,88,19167,1853,16,1
54,82636,47,15790,5529,2,1
65,78806,83,17450,9672,8,0
60,29394,94,16314,5465,27,1
55,144501,90,3090,668,25,0
58,149156,44,12707,8212,5,0
62,112510,29,2055,3171,1,0
41,113708,77,7256,878,27,1
57,117819,68,15141,2432,11,1
63,133145,17,13746,693,14,0
50,124531,97,4347,8955,8,0
34,33280,5,10361,5116,28,1
41,56303,92,14668,5514,1,1
54,47453,88,5101,8378,11,1
19,141692,81,8507,1800,15,0
49,128886,50,16327,3700,6,0
41,80695,40,9685,3873,0,1
26,88449,46,4179,9265,20,0
21,45765,51,13035,1883,6,0
34,22340,11,18747,4037,2,1
34,146460,12,16009,8424,19,0
67,111715,13,12590,5491,4,1
65,113409,64,2056,5702,2,1
47,58057,8,1142,4432,14,1
57,20597,65,12507,4122,5,1
28,77988,9,11076,9587,14,0
38,114655,92,19648,964,2,1
38,35025,2,19308,8480,23,1
35,27145,78,13237,2110,22,1
46,121206,13,3481,9304,0,0
41,75797,2,11082,1104,1,0
27,61723,68,8896,8467,3,0
62,93230,76,8050,1120,20,0
34,24830,48,7011,3102,13,1
35,43930,74,16330,6973,13,0
59,43752,3,12414,4300,26,0
65,128138,68,5150,7598,29,0
37,96025,6,16876,7038,9,1
54,118228,87,8004,655,10,1
62,101304,5,10198,8660,3,1
35,82040,3,2220,7181,14,1
34,128668,10,5661,3215,19,0
26,87696,43,5866,4839,29,0
31,131572,19,2797,8570,24,0
66,84648,14,6974,7190,3,0
46,75030,21,14165,949,19,0
48,76815,43,19001,1569,19,1
21,105669,28,8005,4517,15,0
35,132789,21,5612,3319,1,1
37,55690,36,19416,2785,12,1
64,108406,24,10865,9882,7,1
60,110032,54,12891,1899,12,0
61,77923,38,11283,2748,29,0
26,56572,17,5953,6875,19,1
30,74030,22,8051,1223,20,0
32,87904,83,13545,5773,7,0
44,133461,45,14248,8035,29,0
32,126397,74,18276,5320,3,0
45,122236,61,18355,586,4,1
54,49203,11,17486,8197,20,0
36,97088,61,16139,7346,5,0
43,25608,38,16508,4649,22,0
69,141323,66,4246,2251,18,1
43,65667,33,14965,5661,29,1
42,75547,43,4417,3920,9,0
43,42485,31,7445,5337,26,0
43,127596,35,6417,2983,2,0
63,29862,37,16494,3712,12,0
45,148391,47,14366,4422,8,1
66,123835,23,14302,6810,16,1
35,95948,36,4659,6542,9,1
49,106890,40,8506,8513,11,1
20,91880,90,6673,4027,12,1
19,77560,89,3157,8764,23,1
50,135063,81,17965,9416,9,0
59,126191,15,1795,4254,18,1
36,103529,37,12389,8662,20,1
34,114218,4,19267,4865,18,1
61,134462,22,12559,8910,25,0
50,48415,81,14490,1046,16,1
29,84523,22,7044,4229,25,1
66,39323,81,10001,7850,29,1
20,73214,78,1572,6384,4,1
60,37997,78,2206,2468,7,0
66,141266,17,17283,5016,4,0
43,77003,72,14096,1759,14,0
52,23679,98,3460,7492,3,1
25,115025,90,5925,8256,24,0
69,60308,94,19997,3433,12,0
53,95024,86,2715,3009,16,0
24,59842,80,15439,2062,4,0
63,85408,94,2569,8575,0,0
63,89532,80,18060,4169,21,1
53,73938,38,14232,2981,14,1
33,25695,24,11025,7698,9,1
41,115740,99,15605,704,24,1
18,78499,6,3513,1241,10,1
66,43382,68,9992,7549,29,1
42,34235,82,10333,4763,17,0
27,82223,6,17225,8337,28,0
33,22366,26,14923,5237,12,1
33,47467,91,3031,1605,19,1
25,79316,41,18892,7330,23,1
46,132468,75,10302,4697,29,1
56,26764,38,5329,588,15,0
45,110896,80,18296,6988,18,0
23,133831,83,6322,3881,29,1
33,81836,43,2055,3685,22,1
37,51923,53,8107,7179,11,1
33,143961,15,6670,6806,22,1
24,115711,90,13381,1364,13,1
58,36292,56,14833,8746,1,1
31,144913,56,19134,5171,27,0
60,21614,31,8575,1057,9,0
43,40939,83,12363,9684,3,0
43,132700,57,4012,4791,0,0
31,38800,51,12754,947,23,1
24,76440,24,6138,2321,25,0
50,43246,58,17198,4319,25,0
43,147521,73,5391,591,24,1
62,72805,87,13812,1107,16,0
37,141327,4,14412,9943,10,0
20,69648,10,8322,785,6,0
69,135192,63,10809,3421,16,1
21,76851,73,6224,601,27,1
43,51688,83,8951,4335,16,1
28,113498,15,14837,8669,8,1
19,49764,98,12391,4735,9,0
31,52470,63,13688,8009,25,1
